dataset,graph_source,normalise,bucket_by,gamma,bucket,n_users,metric,EASE,Laplacian,abs_gain,rel_gain,wilcoxon_stat,wilcoxon_p,wilcoxon_n_pairs,wilcoxon_sign,wilcoxon_median_diff
ml-1m,rp3beta,sym,item_popularity,0.0,overall,5957,ndcg,0.11328379740943686,0.11328379740943686,0.0,0.0,0.0,1.0,5957,0,0.0
ml-1m,rp3beta,sym,item_popularity,0.0,q1,5787,ndcg,0.12504748984501393,0.12504748984501393,0.0,0.0,0.0,1.0,5787,0,0.0
ml-1m,rp3beta,sym,item_popularity,0.0,q2,4520,ndcg,0.006831619305343441,0.006831619305343441,0.0,0.0,0.0,1.0,4520,0,0.0
ml-1m,rp3beta,sym,item_popularity,0.0,q3,3059,ndcg,0.0015441454207016118,0.0015441454207016118,0.0,0.0,0.0,1.0,3059,0,0.0
ml-1m,rp3beta,sym,item_popularity,0.0,q4,1767,ndcg,0.0,0.0,0.0,0.0,0.0,1.0,1767,0,0.0
ml-1m,rp3beta,sym,item_popularity,0.0,q5,775,ndcg,0.0,0.0,0.0,0.0,0.0,1.0,775,0,0.0
ml-1m,rp3beta,sym,item_popularity,3.0,overall,5957,ndcg,0.11328379740943686,0.11650521173005894,0.0032214143206220763,0.02843667315440578,1242501.0,6.329338232994927e-10,5957,0,0.0
ml-1m,rp3beta,sym,item_popularity,3.0,q1,5787,ndcg,0.12504748984501393,0.1295356565682116,0.004488166723197656,0.03589169785623342,1120576.5,1.8115659846904876e-15,5787,0,0.0
ml-1m,rp3beta,sym,item_popularity,3.0,q2,4520,ndcg,0.006831619305343441,0.0049411362243069875,-0.0018904830810364537,-0.2767254726207866,406.5,1.2009679698099711e-14,4520,0,0.0
ml-1m,rp3beta,sym,item_popularity,3.0,q3,3059,ndcg,0.0015441454207016118,0.0009256724705747777,-0.0006184729501268341,-0.4005276587523856,9.5,0.00404553163704777,3059,0,0.0
ml-1m,rp3beta,sym,item_popularity,3.0,q4,1767,ndcg,0.0,0.0,0.0,0.0,0.0,1.0,1767,0,0.0
ml-1m,rp3beta,sym,item_popularity,3.0,q5,775,ndcg,0.0,0.0,0.0,0.0,0.0,1.0,775,0,0.0
ml-1m,rp3beta,sym,item_popularity,10.0,overall,5957,ndcg,0.11328379740943686,0.11856521536932627,0.005281417959889401,0.046621123944150585,1810821.0,1.575676940599967e-10,5957,0,0.0
ml-1m,rp3beta,sym,item_popularity,10.0,q1,5787,ndcg,0.12504748984501393,0.13236115314549465,0.007313663300480722,0.05848708606262633,1642392.0,2.058956661816371e-17,5787,0,0.0
ml-1m,rp3beta,sym,item_popularity,10.0,q2,4520,ndcg,0.006831619305343441,0.003176615795062957,-0.003655003510280484,-0.535012761531029,267.0,3.529251701733086e-19,4520,0,0.0
ml-1m,rp3beta,sym,item_popularity,10.0,q3,3059,ndcg,0.0015441454207016118,0.0004058443400135528,-0.001138301080688059,-0.7371722024541253,10.5,0.0006626054367887253,3059,0,0.0
ml-1m,rp3beta,sym,item_popularity,10.0,q4,1767,ndcg,0.0,0.0,0.0,0.0,0.0,1.0,1767,0,0.0
ml-1m,rp3beta,sym,item_popularity,10.0,q5,775,ndcg,0.0,0.0,0.0,0.0,0.0,1.0,775,0,0.0
ml-1m,rp3beta,sym,item_popularity,30.0,overall,5957,ndcg,0.11328379740943686,0.12095267818016919,0.007668880770732328,0.06769618379771482,2226245.0,3.658207782328837e-12,5957,0,0.0
ml-1m,rp3beta,sym,item_popularity,30.0,q1,5787,ndcg,0.12504748984501393,0.13501231937395436,0.009964829528940428,0.0796883611281683,2064877.0,8.759152597022415e-18,5787,0,0.0
ml-1m,rp3beta,sym,item_popularity,30.0,q2,4520,ndcg,0.006831619305343441,0.0014799298755594618,-0.005351689429783979,-0.7833705583679238,87.5,2.230539630415416e-22,4520,0,0.0
ml-1m,rp3beta,sym,item_popularity,30.0,q3,3059,ndcg,0.0015441454207016118,0.00010757710920226171,-0.00143656831149935,-0.9303322680882076,0.0,0.00019438312233538687,3059,0,0.0
ml-1m,rp3beta,sym,item_popularity,30.0,q4,1767,ndcg,0.0,0.0,0.0,0.0,0.0,1.0,1767,0,0.0
ml-1m,rp3beta,sym,item_popularity,30.0,q5,775,ndcg,0.0,0.0,0.0,0.0,0.0,1.0,775,0,0.0
ml-1m,rp3beta,sym,item_popularity,50.0,overall,5957,ndcg,0.11328379740943686,0.12126617371923075,0.007982376309793884,0.07046353046361535,2382589.5,1.891230929745735e-11,5957,0,0.0
ml-1m,rp3beta,sym,item_popularity,50.0,q1,5787,ndcg,0.12504748984501393,0.13506232577334795,0.01001483592833402,0.08008826039408376,2230916.0,8.426753106437468e-16,5787,0,0.0
ml-1m,rp3beta,sym,item_popularity,50.0,q2,4520,ndcg,0.006831619305343441,0.0008325667603829511,-0.00599905254496049,-0.878130392931622,76.5,1.1748976721958209e-22,4520,0,0.0
ml-1m,rp3beta,sym,item_popularity,50.0,q3,3059,ndcg,0.0015441454207016118,0.0,-0.0015441454207016118,-1.0,0.0,0.00019438312233538687,3059,0,0.0
ml-1m,rp3beta,sym,item_popularity,50.0,q4,1767,ndcg,0.0,0.0,0.0,0.0,0.0,1.0,1767,0,0.0
ml-1m,rp3beta,sym,item_popularity,50.0,q5,775,ndcg,0.0,0.0,0.0,0.0,0.0,1.0,775,0,0.0
ml-1m,rp3beta,sym,item_popularity,75.0,overall,5957,ndcg,0.11328379740943686,0.12103154031012961,0.0077477429006927445,0.06839233039381971,2551318.5,2.156385603744776e-09,5957,0,0.0
ml-1m,rp3beta,sym,item_popularity,75.0,q1,5787,ndcg,0.12504748984501393,0.13452299226041,0.009475502415396075,0.07577523089140119,2411373.0,2.4967386961699447e-12,5787,0,0.0
ml-1m,rp3beta,sym,item_popularity,75.0,q2,4520,ndcg,0.006831619305343441,0.00039364633996241666,-0.006437972965381024,-0.9423787652139045,55.5,1.078328987277942e-22,4520,0,0.0
ml-1m,rp3beta,sym,item_popularity,75.0,q3,3059,ndcg,0.0015441454207016118,0.0,-0.0015441454207016118,-1.0,0.0,0.00019438312233538687,3059,0,0.0
ml-1m,rp3beta,sym,item_popularity,75.0,q4,1767,ndcg,0.0,0.0,0.0,0.0,0.0,1.0,1767,0,0.0
ml-1m,rp3beta,sym,item_popularity,75.0,q5,775,ndcg,0.0,0.0,0.0,0.0,0.0,1.0,775,0,0.0
