model,fusion_alpha,ease_lambda,rp3_beta,rp3_topK,seed,bucket,n_users,NDCG@10,Recall@10,HitRate@10,NDCG@20,Recall@20,HitRate@20
Hybrid-Matrix,0.3,200,0.3,200,0,overall,6008,0.2765489525458555,0.16135921015237398,0.7934420772303595,0.2726706451513953,0.2353190107749251,0.8726697736351531
Hybrid-Matrix,0.3,200,0.3,200,0,q1,5945,0.29371119578216554,0.20748300330819772,0.8013456686291001,0.3024628032076852,0.30393787544519474,0.8810765349032801
Hybrid-Matrix,0.3,200,0.3,200,0,q2,4408,0.0005558387586054746,0.0010154697087546452,0.001588021778584392,0.001144695178345047,0.0031652406879267136,0.004537205081669692
Hybrid-Matrix,0.3,200,0.3,200,0,q3,2895,0.00026437327702543063,0.00023028209556706964,0.0003454231433506045,0.00039534713433047973,0.0006332757628094416,0.0010362694300518134
Hybrid-Matrix,0.3,200,0.3,200,0,q4,1659,0.0003803072655644711,0.0006027727546714888,0.0006027727546714888,0.0003803072655644711,0.0006027727546714888,0.0006027727546714888
Hybrid-Matrix,0.3,200,0.3,200,0,q5,693,0.0,0.0,0.0,0.0,0.0,0.0
Hybrid-Matrix,0.5,200,0.3,200,0,overall,6008,0.29217299876098207,0.17570799352034125,0.8164114513981359,0.2882650510505966,0.25188098922328184,0.8874833555259654
Hybrid-Matrix,0.5,200,0.3,200,0,q1,5945,0.31066589796689337,0.2247767056972303,0.8238856181665265,0.3202897312846661,0.32516673094658044,0.895542472666106
Hybrid-Matrix,0.5,200,0.3,200,0,q2,4408,0.0013889302624829423,0.0026413015296862844,0.004083484573502722,0.0020874665523137673,0.005016042260824475,0.007713248638838476
Hybrid-Matrix,0.5,200,0.3,200,0,q3,2895,0.0004450327421852083,0.0006332757628094416,0.0010362694300518134,0.000540654092769226,0.0009211283822682786,0.001381692573402418
Hybrid-Matrix,0.5,200,0.3,200,0,q4,1659,0.0006027727546714888,0.0006027727546714888,0.0006027727546714888,0.0006027727546714888,0.0006027727546714888,0.0006027727546714888
Hybrid-Matrix,0.5,200,0.3,200,0,q5,693,0.0,0.0,0.0,0.0,0.0,0.0
Hybrid-Matrix,0.7,200,0.3,200,0,overall,6008,0.31271958299219105,0.19254534402931722,0.8398801597869507,0.3108174829099952,0.27766242491425336,0.9102862849533955
Hybrid-Matrix,0.7,200,0.3,200,0,q1,5945,0.3330351329421315,0.24691631417375262,0.8465937762825904,0.34577283186051544,0.3573072882711204,0.9172413793103448
Hybrid-Matrix,0.7,200,0.3,200,0,q2,4408,0.002739026144925702,0.005288274565724656,0.00839382940108893,0.00416250382223949,0.010252733125918243,0.016107078039927405
Hybrid-Matrix,0.7,200,0.3,200,0,q3,2895,0.0008090441894343135,0.0014392630972941852,0.002072538860103627,0.0008969664543310165,0.0016983304548071386,0.0024179620034542313
Hybrid-Matrix,0.7,200,0.3,200,0,q4,1659,0.0007140299558647186,0.0009041591320072332,0.0012055455093429777,0.0007140299558647186,0.0009041591320072332,0.0012055455093429777
Hybrid-Matrix,0.7,200,0.3,200,0,q5,693,0.0,0.0,0.0,0.0,0.0,0.0
Hybrid-Matrix,0.3,200,0.6,200,0,overall,6008,0.32298969004083294,0.19838824703176394,0.850699067909454,0.32187838460408036,0.28705671916605796,0.9191078561917443
Hybrid-Matrix,0.3,200,0.6,200,0,q1,5945,0.34162378380849073,0.25276082534638317,0.8538267451640034,0.35489462113592035,0.36570916344686205,0.9217830109335576
Hybrid-Matrix,0.3,200,0.6,200,0,q2,4408,0.005552522912679705,0.00980603448275862,0.018148820326678767,0.009252568777132597,0.022042258759590882,0.037431941923774956
Hybrid-Matrix,0.3,200,0.6,200,0,q3,2895,0.0023594887345730355,0.0044658277818899585,0.0075993091537132984,0.0036511208850888493,0.008623242042931162,0.013816925734024179
Hybrid-Matrix,0.3,200,0.6,200,0,q4,1659,0.0013905715406186774,0.0024110910186859553,0.0030138637733574444,0.002017785548005599,0.004822182037371911,0.0054249547920434
Hybrid-Matrix,0.3,200,0.6,200,0,q5,693,0.000910432544836158,0.001443001443001443,0.001443001443001443,0.000910432544836158,0.001443001443001443,0.001443001443001443
Hybrid-Matrix,0.5,200,0.6,200,0,overall,6008,0.33417339380600225,0.20733875884537314,0.8643475366178429,0.3335251316596702,0.3000288733010504,0.9257656458055925
Hybrid-Matrix,0.5,200,0.6,200,0,q1,5945,0.35325489655243403,0.26375294926158227,0.8667788057190917,0.36744428736229107,0.38088214067638965,0.9280067283431455
Hybrid-Matrix,0.5,200,0.6,200,0,q2,4408,0.006807578199175576,0.012088140610146054,0.021778584392014518,0.0113037035727358,0.026998805917816806,0.04582577132486389
Hybrid-Matrix,0.5,200,0.6,200,0,q3,2895,0.0029321525093195895,0.005916604983962497,0.00932642487046632,0.003934012524476731,0.008874633330591878,0.015198618307426597
Hybrid-Matrix,0.5,200,0.6,200,0,q4,1659,0.0012372890835171942,0.002109704641350211,0.0030138637733574444,0.001988026546000112,0.004922644163150493,0.006027727546714889
Hybrid-Matrix,0.5,200,0.6,200,0,q5,693,0.000910432544836158,0.001443001443001443,0.001443001443001443,0.000910432544836158,0.001443001443001443,0.001443001443001443
Hybrid-Matrix,0.7,200,0.6,200,0,overall,6008,0.3457374619368731,0.21537678640712038,0.872503328894807,0.34577034665703416,0.3133291230802417,0.9350865512649801
Hybrid-Matrix,0.7,200,0.6,200,0,q1,5945,0.3651347869898307,0.2741162264755117,0.8746846089150546,0.38048709318477697,0.39694504954104276,0.9362489486963835
Hybrid-Matrix,0.7,200,0.6,200,0,q2,4408,0.008593266308395296,0.01593070734971824,0.029038112522686024,0.014382741875121915,0.03485976427786773,0.06102540834845735
Hybrid-Matrix,0.7,200,0.6,200,0,q3,2895,0.0030201095911743833,0.005965128711242701,0.00932642487046632,0.004508193077061962,0.010546795365448215,0.018307426597582038
Hybrid-Matrix,0.7,200,0.6,200,0,q4,1659,0.000835957086940652,0.0009041591320072332,0.0012055455093429777,0.0018192459657373667,0.004440425959413302,0.006027727546714889
Hybrid-Matrix,0.7,200,0.6,200,0,q5,693,0.0006214668947668009,0.001443001443001443,0.001443001443001443,0.0006214668947668009,0.001443001443001443,0.001443001443001443
Hybrid-Matrix,0.3,500,0.3,200,0,overall,6008,0.28040786998127903,0.16474045459226502,0.7982689747003995,0.27651894127127,0.23967291854487893,0.8761651131824234
Hybrid-Matrix,0.3,500,0.3,200,0,q1,5945,0.29793382902285315,0.21171365172072518,0.8060555088309503,0.30687496322458413,0.30932987312798027,0.8846089150546678
Hybrid-Matrix,0.3,500,0.3,200,0,q2,4408,0.0007199558180936631,0.0013557600898798721,0.002268602540834846,0.0013714256235395257,0.0036926907786708147,0.0056715063520871144
Hybrid-Matrix,0.3,500,0.3,200,0,q3,2895,0.00026437327702543063,0.00023028209556706964,0.0003454231433506045,0.0004394753334659297,0.0007484168105929763,0.0010362694300518134
Hybrid-Matrix,0.3,500,0.3,200,0,q4,1659,0.0003803072655644711,0.0006027727546714888,0.0006027727546714888,0.0003803072655644711,0.0006027727546714888,0.0006027727546714888
Hybrid-Matrix,0.3,500,0.3,200,0,q5,693,0.0,0.0,0.0,0.0,0.0,0.0
Hybrid-Matrix,0.5,500,0.3,200,0,overall,6008,0.3003840154360594,0.18192230603785037,0.8260652463382158,0.2959107848297945,0.25909894497869024,0.8951398135818908
Hybrid-Matrix,0.5,500,0.3,200,0,q1,5945,0.3197843849209273,0.23308670434601977,0.8334735071488646,0.3292571320724326,0.33485735405938455,0.9031118587047939
Hybrid-Matrix,0.5,500,0.3,200,0,q2,4408,0.0016959995875007094,0.0035109325036729758,0.0052177858439201455,0.0024047122387679983,0.005730652061187451,0.009754990925589837
Hybrid-Matrix,0.5,500,0.3,200,0,q3,2895,0.0005217567019890146,0.0007484168105929763,0.0010362694300518134,0.0007112938784563751,0.0014392630972941852,0.002072538860103627
Hybrid-Matrix,0.5,500,0.3,200,0,q4,1659,0.0003803072655644711,0.0006027727546714888,0.0006027727546714888,0.0003803072655644711,0.0006027727546714888,0.0006027727546714888
Hybrid-Matrix,0.5,500,0.3,200,0,q5,693,0.0,0.0,0.0,0.0,0.0,0.0
Hybrid-Matrix,0.7,500,0.3,200,0,overall,6008,0.32541922157693237,0.20187532783199072,0.8531957390146472,0.3223187612411338,0.28838459621769946,0.9192743009320905
Hybrid-Matrix,0.7,500,0.3,200,0,q1,5945,0.34647379155596236,0.2587615529522289,0.8598822539949538,0.35862891433495225,0.37083369843909947,0.9253153910849453
Hybrid-Matrix,0.7,500,0.3,200,0,q2,4408,0.0036229881042743237,0.007237652320456312,0.01247731397459165,0.005404034654608057,0.013336592198888025,0.02223230490018149
Hybrid-Matrix,0.7,500,0.3,200,0,q3,2895,0.0008598481661145228,0.0014392630972941852,0.002072538860103627,0.001151870843915099,0.0024179620034542313,0.0037996545768566492
Hybrid-Matrix,0.7,500,0.3,200,0,q4,1659,0.0007259688954722642,0.0009041591320072332,0.0012055455093429777,0.0007259688954722642,0.0009041591320072332,0.0012055455093429777
Hybrid-Matrix,0.7,500,0.3,200,0,q5,693,0.0,0.0,0.0,0.0,0.0,0.0
Hybrid-Matrix,0.3,500,0.6,200,0,overall,6008,0.32685514684453126,0.20080611917128469,0.8551930758988016,0.32538800008202023,0.2899285063684455,0.9192743009320905
Hybrid-Matrix,0.3,500,0.6,200,0,q1,5945,0.34562598062595784,0.25589195866071274,0.8576955424726661,0.3587093377336489,0.3693071250217398,0.9221194280908326
Hybrid-Matrix,0.3,500,0.6,200,0,q2,4408,0.0060999007491463865,0.010668373520006913,0.019736842105263157,0.009947456003282142,0.023373466873920595,0.04038112522686026
Hybrid-Matrix,0.3,500,0.6,200,0,q3,2895,0.002447253036250489,0.004707623982235382,0.008290155440414507,0.0036918093375813235,0.008701921758916577,0.014853195164075994
Hybrid-Matrix,0.3,500,0.6,200,0,q4,1659,0.0013647430356467077,0.0024110910186859553,0.0030138637733574444,0.001881764904852194,0.0043198714084790035,0.0054249547920434
Hybrid-Matrix,0.3,500,0.6,200,0,q5,693,0.000910432544836158,0.001443001443001443,0.001443001443001443,0.000910432544836158,0.001443001443001443,0.001443001443001443
Hybrid-Matrix,0.5,500,0.6,200,0,overall,6008,0.34061057984461096,0.21126442739809967,0.8690079893475366,0.33962919558773214,0.3051994420192125,0.9282623169107856
Hybrid-Matrix,0.5,500,0.6,200,0,q1,5945,0.35997202821190316,0.2686930035700164,0.8713204373423045,0.3742347484788544,0.38772798524251345,0.9310344827586207
Hybrid-Matrix,0.5,500,0.6,200,0,q2,4408,0.007648041900553565,0.013746741134445307,0.025181488203266787,0.012372003578909675,0.029188361799523325,0.051497277676950996
Hybrid-Matrix,0.5,500,0.6,200,0,q3,2895,0.002735934723877716,0.0055999671025577765,0.008635578583765112,0.003904390668054103,0.00910491542615895,0.015889464594127805
Hybrid-Matrix,0.5,500,0.6,200,0,q4,1659,0.0012075047110602305,0.002109704641350211,0.0024110910186859553,0.0017996245512619433,0.0043198714084790035,0.0054249547920434
Hybrid-Matrix,0.5,500,0.6,200,0,q5,693,0.000910432544836158,0.001443001443001443,0.001443001443001443,0.000910432544836158,0.001443001443001443,0.001443001443001443
Hybrid-Matrix,0.7,500,0.6,200,0,overall,6008,0.35450761579623563,0.22078133302566813,0.8776631158455392,0.35442551128791006,0.32030625291332454,0.9364181091877497
Hybrid-Matrix,0.7,500,0.6,200,0,q1,5945,0.3739072745427224,0.2808344540499187,0.8795626576955424,0.3892813075501353,0.40510462161811245,0.9377628259041211
Hybrid-Matrix,0.7,500,0.6,200,0,q2,4408,0.009762346714901535,0.017821198135399587,0.033802177858439204,0.01679994091695128,0.04055704262644009,0.07441016333938294
Hybrid-Matrix,0.7,500,0.6,200,0,q3,2895,0.0027805122214284014,0.005429722839049264,0.008981001727115717,0.004293937451867789,0.010028660650422308,0.017962003454231434
Hybrid-Matrix,0.7,500,0.6,200,0,q4,1659,0.0008908651057613019,0.0010046212577858149,0.0018083182640144665,0.001415737299176187,0.0027325698211774162,0.004219409282700422
Hybrid-Matrix,0.7,500,0.6,200,0,q5,693,0.0005582291590686026,0.001443001443001443,0.001443001443001443,0.0005582291590686026,0.001443001443001443,0.001443001443001443
Hybrid-Matrix,0.3,200,0.3,200,1,overall,6006,0.275204462694218,0.15981901559139286,0.7875457875457875,0.2691096075685985,0.23057204091906028,0.8684648684648685
Hybrid-Matrix,0.3,200,0.3,200,1,q1,5944,0.2929936609919798,0.2071961860559866,0.7950874831763123,0.29930781265476064,0.30000488187085267,0.8766823687752355
Hybrid-Matrix,0.3,200,0.3,200,1,q2,4502,0.0008310550973766835,0.0012772101288316305,0.0015548645046645935,0.001154201785556498,0.0024433585073300756,0.003553976010661928
Hybrid-Matrix,0.3,200,0.3,200,1,q3,2861,0.00025768967300109134,0.0005242922055225446,0.0006990562740300594,0.00025768967300109134,0.0005242922055225446,0.0006990562740300594
Hybrid-Matrix,0.3,200,0.3,200,1,q4,1641,0.0,0.0,0.0,0.0,0.0,0.0
Hybrid-Matrix,0.3,200,0.3,200,1,q5,685,0.0,0.0,0.0,0.00033236532656489486,0.00145985401459854,0.00145985401459854
Hybrid-Matrix,0.5,200,0.3,200,1,overall,6006,0.29019431605063994,0.1723308277146964,0.8085248085248086,0.28512231615629247,0.24826268895246748,0.8896103896103896
Hybrid-Matrix,0.5,200,0.3,200,1,q1,5944,0.30981421393337494,0.2235147047696381,0.8157806191117093,0.3180277947466871,0.3232846426608967,0.8965343203230148
Hybrid-Matrix,0.5,200,0.3,200,1,q2,4502,0.0013236070205989712,0.0024988893824966683,0.0033318525099955577,0.0020370835228465194,0.004923737598104546,0.007107952021323856
Hybrid-Matrix,0.5,200,0.3,200,1,q3,2861,0.0003648457710027443,0.0005242922055225446,0.0006990562740300594,0.0005924375726789124,0.0013398578585576137,0.0017476406850751485
Hybrid-Matrix,0.5,200,0.3,200,1,q4,1641,0.0,0.0,0.0,0.0,0.0,0.0
Hybrid-Matrix,0.5,200,0.3,200,1,q5,685,0.0,0.0,0.0,0.0003571540760850015,0.00145985401459854,0.00145985401459854
Hybrid-Matrix,0.7,200,0.3,200,1,overall,6006,0.31068418904001627,0.18982080502963167,0.8341658341658341,0.30712383878244265,0.27298339170541935,0.9099234099234099
Hybrid-Matrix,0.7,200,0.3,200,1,q1,5944,0.33206122020870793,0.24593667890283796,0.8395020188425303,0.3428554424143744,0.35419201295282443,0.914535666218035
Hybrid-Matrix,0.7,200,0.3,200,1,q2,4502,0.0028804961424694214,0.005778913075670073,0.00888494002665482,0.004557057126167032,0.011671620373308513,0.01776988005330964
Hybrid-Matrix,0.7,200,0.3,200,1,q3,2861,0.0006404770067195493,0.001165093790050099,0.0017476406850751485,0.0012311177346457716,0.0032622626121402774,0.004543865781195386
Hybrid-Matrix,0.7,200,0.3,200,1,q4,1641,0.0,0.0,0.0,0.00010097243495748296,0.0003046922608165753,0.0006093845216331506
Hybrid-Matrix,0.7,200,0.3,200,1,q5,685,0.0,0.0,0.0,0.0004072159790527443,0.00145985401459854,0.00145985401459854
Hybrid-Matrix,0.3,200,0.6,200,1,overall,6006,0.32063526438440154,0.19464277040189168,0.8448218448218449,0.3185058671045521,0.2830852239489146,0.9112554112554112
Hybrid-Matrix,0.3,200,0.6,200,1,q1,5944,0.340329844101005,0.2508896276153295,0.8475773889636609,0.3524304291195017,0.3635568675622071,0.9136944818304172
Hybrid-Matrix,0.3,200,0.6,200,1,q2,4502,0.005841777662686869,0.009799973460568752,0.01776988005330964,0.00965278684687238,0.022546149245394026,0.0346512661039538
Hybrid-Matrix,0.3,200,0.6,200,1,q3,2861,0.003555841526495962,0.007051730164278224,0.01048584411045089,0.004753614432211846,0.011190725853431201,0.016078294302691365
Hybrid-Matrix,0.3,200,0.6,200,1,q4,1641,0.00048345067112954014,0.0008125126955108673,0.0018281535648994515,0.0010751653976593819,0.0030977046516351817,0.0042656916514320535
Hybrid-Matrix,0.3,200,0.6,200,1,q5,685,0.00291970802919708,0.00291970802919708,0.00291970802919708,0.00291970802919708,0.00291970802919708,0.00291970802919708
Hybrid-Matrix,0.5,200,0.6,200,1,overall,6006,0.331764757724689,0.2030346336085762,0.8563103563103563,0.33037379038334974,0.29508167945724867,0.9200799200799201
Hybrid-Matrix,0.5,200,0.6,200,1,q1,5944,0.352345506277801,0.2617073107944052,0.8581763122476447,0.3656190098912685,0.378400643167315,0.9219380888290714
Hybrid-Matrix,0.5,200,0.6,200,1,q2,4502,0.007230721626510232,0.013142763870218335,0.02265659706796979,0.011549294892341824,0.027449167398078993,0.04309195912927588
Hybrid-Matrix,0.5,200,0.6,200,1,q3,2861,0.0034747255496520297,0.00729931259466387,0.01118490038448095,0.004763832084829616,0.011758709076080624,0.016427822439706398
Hybrid-Matrix,0.5,200,0.6,200,1,q4,1641,0.0005868371958502831,0.0008125126955108673,0.0018281535648994515,0.001187389008948495,0.0030977046516351817,0.0042656916514320535
Hybrid-Matrix,0.5,200,0.6,200,1,q5,685,0.0023809193482795,0.00291970802919708,0.00291970802919708,0.0023809193482795,0.00291970802919708,0.00291970802919708
Hybrid-Matrix,0.7,200,0.6,200,1,overall,6006,0.34445323932499927,0.2117738156530504,0.8664668664668664,0.34299291505304735,0.30817916363019116,0.9300699300699301
Hybrid-Matrix,0.7,200,0.6,200,1,q1,5944,0.36527495883225314,0.2726156184240199,0.8679340511440108,0.3790159834209644,0.3942094338981917,0.9306864064602961
Hybrid-Matrix,0.7,200,0.6,200,1,q2,4502,0.008658925936893144,0.015089253261176851,0.027099067081297203,0.014244279438472613,0.0334511094562183,0.054642381163927146
Hybrid-Matrix,0.7,200,0.6,200,1,q3,2861,0.003514358443355933,0.0072119305604101125,0.01083537224746592,0.005724931628020057,0.01477047652336013,0.02132121635791681
Hybrid-Matrix,0.7,200,0.6,200,1,q4,1641,0.00023574211287906254,0.0003046922608165753,0.0006093845216331506,0.0007396476370071275,0.0018789356083688806,0.0030469226081657527
Hybrid-Matrix,0.7,200,0.6,200,1,q5,685,0.001193473525996985,0.00291970802919708,0.00291970802919708,0.001193473525996985,0.00291970802919708,0.00291970802919708
Hybrid-Matrix,0.3,500,0.3,200,1,overall,6006,0.2789689838116072,0.1624889272294764,0.7932067932067932,0.27306041879676557,0.23431672839686007,0.8717948717948718
Hybrid-Matrix,0.3,500,0.3,200,1,q1,5944,0.2971405702617124,0.21076277136784544,0.800807537012113,0.3039122496447829,0.3051627715225498,0.879878869448183
Hybrid-Matrix,0.3,500,0.3,200,1,q2,4502,0.0009411031079212479,0.0013882718791648156,0.001776988005330964,0.001433479058710955,0.003146749592773582,0.0046645935139937806
Hybrid-Matrix,0.3,500,0.3,200,1,q3,2861,0.0002704318820234475,0.0005242922055225446,0.0006990562740300594,0.0002704318820234475,0.0005242922055225446,0.0006990562740300594
Hybrid-Matrix,0.3,500,0.3,200,1,q4,1641,0.0,0.0,0.0,0.0,0.0,0.0
Hybrid-Matrix,0.3,500,0.3,200,1,q5,685,0.0,0.0,0.0,0.0,0.0,0.0
Hybrid-Matrix,0.5,500,0.3,200,1,overall,6006,0.2979034446261495,0.17811731021990232,0.8173493173493174,0.293088883763116,0.25638550580616276,0.8979353979353979
Hybrid-Matrix,0.5,500,0.3,200,1,q1,5944,0.3183292185865581,0.23129817975786968,0.824528936742934,0.3271519420226835,0.33368848078540836,0.9041049798115747
Hybrid-Matrix,0.5,500,0.3,200,1,q2,4502,0.0015913035775074014,0.003091218717606989,0.004220346512661039,0.002597571011469049,0.006547971624604233,0.010217681030653044
Hybrid-Matrix,0.5,500,0.3,200,1,q3,2861,0.0004364904460670766,0.0006408015845275545,0.0010485844110450892,0.0007585252969715445,0.0018641500640801582,0.002446696959105208
Hybrid-Matrix,0.5,500,0.3,200,1,q4,1641,0.0,0.0,0.0,0.0,0.0,0.0
Hybrid-Matrix,0.5,500,0.3,200,1,q5,685,0.0,0.0,0.0,0.0003571540760850015,0.00145985401459854,0.00145985401459854
Hybrid-Matrix,0.7,500,0.3,200,1,overall,6006,0.3229703379896122,0.19824488539479052,0.8489843489843489,0.31870487680972986,0.2833418266867983,0.9162504162504163
Hybrid-Matrix,0.7,500,0.3,200,1,q1,5944,0.34518364561830694,0.2577195721429289,0.8539703903095559,0.3557819200331337,0.3675833332464703,0.9210969044414535
Hybrid-Matrix,0.7,500,0.3,200,1,q2,4502,0.004084164493570983,0.00799944292836341,0.01310528653931586,0.005890103952518747,0.014142039164251514,0.02243447356730342
Hybrid-Matrix,0.7,500,0.3,200,1,q3,2861,0.0009715196176759164,0.0020389141325876732,0.0027962250961202375,0.0017687221993705402,0.0050099032972154255,0.006641034603285564
Hybrid-Matrix,0.7,500,0.3,200,1,q4,1641,0.000144544614728395,0.0003046922608165753,0.0006093845216331506,0.000144544614728395,0.0003046922608165753,0.0006093845216331506
Hybrid-Matrix,0.7,500,0.3,200,1,q5,685,0.0,0.0,0.0,0.0003736613500873219,0.00145985401459854,0.00145985401459854
Hybrid-Matrix,0.3,500,0.6,200,1,overall,6006,0.3243807694735004,0.1968895381325186,0.8486513486513486,0.3225437219472163,0.2863933750016326,0.913086913086913
Hybrid-Matrix,0.3,500,0.6,200,1,q1,5944,0.344246451843317,0.2537509007139219,0.8506056527590848,0.35692160344018825,0.3679970414081658,0.9157133243606999
Hybrid-Matrix,0.3,500,0.6,200,1,q2,4502,0.006548224562186919,0.011393541302470668,0.020213238560639717,0.010256062940207939,0.02358846297095964,0.0368725011106175
Hybrid-Matrix,0.3,500,0.6,200,1,q3,2861,0.0035150070510504513,0.007051730164278224,0.01083537224746592,0.004676862113584432,0.011015961784923686,0.016078294302691365
Hybrid-Matrix,0.3,500,0.6,200,1,q4,1641,0.0006298976088264291,0.0008125126955108673,0.0018281535648994515,0.0012143976490033687,0.0030977046516351817,0.0042656916514320535
Hybrid-Matrix,0.3,500,0.6,200,1,q5,685,0.0023809193482795,0.00291970802919708,0.00291970802919708,0.0023809193482795,0.00291970802919708,0.00291970802919708
Hybrid-Matrix,0.5,500,0.6,200,1,overall,6006,0.33811465392642576,0.206321643275994,0.8588078588078588,0.33657522184354716,0.300114154986624,0.9222444222444223
Hybrid-Matrix,0.5,500,0.6,200,1,q1,5944,0.3586663589405426,0.2656632476736585,0.8603633916554508,0.37227492831009495,0.38494809275228525,0.9241251682368775
Hybrid-Matrix,0.5,500,0.6,200,1,q2,4502,0.008080133572966967,0.014283879282768665,0.024655708573967126,0.012736503042419679,0.029590119022593477,0.0482007996446024
Hybrid-Matrix,0.5,500,0.6,200,1,q3,2861,0.0034696815258600778,0.00729931259466387,0.01118490038448095,0.004971650098165515,0.012312128626354422,0.017825934987766516
Hybrid-Matrix,0.5,500,0.6,200,1,q4,1641,0.0005935136089954479,0.0008125126955108673,0.0018281535648994515,0.0010519258427750613,0.0024883201300020313,0.003656307129798903
Hybrid-Matrix,0.5,500,0.6,200,1,q5,685,0.0020885789168954643,0.00291970802919708,0.00291970802919708,0.0020885789168954643,0.00291970802919708,0.00291970802919708
Hybrid-Matrix,0.7,500,0.6,200,1,overall,6006,0.35327092275275224,0.2163861144125648,0.8717948717948718,0.35182132309253794,0.3150429639024961,0.9314019314019314
Hybrid-Matrix,0.7,500,0.6,200,1,q1,5944,0.37392450782180664,0.2778542625909142,0.8724764468371468,0.3882162733772047,0.402902720613027,0.9325370121130552
Hybrid-Matrix,0.7,500,0.6,200,1,q2,4502,0.0102361753832723,0.017789282266181424,0.032207907596623724,0.016413622985554512,0.0375976140916869,0.06508218569524656
Hybrid-Matrix,0.7,500,0.6,200,1,q3,2861,0.003671429396866455,0.007852732144937669,0.01188395665851101,0.005900541241787687,0.015461765505456521,0.023418385180006992
Hybrid-Matrix,0.7,500,0.6,200,1,q4,1641,0.0004118937437857584,0.0009140767824497258,0.001218769043266301,0.0006868656314386356,0.001726589477960593,0.002437538086532602
Hybrid-Matrix,0.7,500,0.6,200,1,q5,685,0.0010847591158285603,0.00291970802919708,0.00291970802919708,0.0010847591158285603,0.00291970802919708,0.00291970802919708
Hybrid-Matrix,0.3,200,0.3,200,2,overall,6004,0.2749961250518595,0.15934408454896415,0.784477015323118,0.26903975065124597,0.23099254097146404,0.8685876082611592
Hybrid-Matrix,0.3,200,0.3,200,2,q1,5935,0.2927859390351616,0.20566604701422056,0.7922493681550127,0.29917197583459454,0.2999611688095409,0.876832350463353
Hybrid-Matrix,0.3,200,0.3,200,2,q2,4474,0.0011424842237612175,0.002201609298167188,0.0033527045149754136,0.0016051785552713682,0.003896587691849203,0.00581135449262405
Hybrid-Matrix,0.3,200,0.3,200,2,q3,2899,0.0006420673046384223,0.0010348395998620215,0.0010348395998620215,0.0006420673046384223,0.0010348395998620215,0.0010348395998620215
Hybrid-Matrix,0.3,200,0.3,200,2,q4,1585,0.0,0.0,0.0,0.0,0.0,0.0
Hybrid-Matrix,0.3,200,0.3,200,2,q5,666,0.0,0.0,0.0,0.0,0.0,0.0
Hybrid-Matrix,0.5,200,0.3,200,2,overall,6004,0.29003461738831426,0.1726545666170658,0.8121252498334444,0.28512723978765425,0.24979490393321868,0.8875749500333111
Hybrid-Matrix,0.5,200,0.3,200,2,q1,5935,0.30959227793000044,0.22343332683825864,0.8193765796124685,0.31753464901916134,0.3234861932082273,0.8951979780960404
Hybrid-Matrix,0.5,200,0.3,200,2,q2,4474,0.0019731212355768865,0.0037848308746833556,0.00581135449262405,0.002824156922540231,0.007100283117270153,0.009834599910594547
Hybrid-Matrix,0.5,200,0.3,200,2,q3,2899,0.0006898930665746809,0.0010348395998620215,0.0010348395998620215,0.0010385326921827105,0.002414625733011383,0.0027595722662987236
Hybrid-Matrix,0.5,200,0.3,200,2,q4,1585,0.0,0.0,0.0,0.0001577287066246057,0.0006309148264984228,0.0006309148264984228
Hybrid-Matrix,0.5,200,0.3,200,2,q5,666,0.0,0.0,0.0,0.0,0.0,0.0
Hybrid-Matrix,0.7,200,0.3,200,2,overall,6004,0.31046850884187427,0.1906631612101083,0.8391072618254497,0.3063950701414948,0.27353200566663377,0.9103930712858095
Hybrid-Matrix,0.7,200,0.3,200,2,q1,5935,0.33147402941317594,0.24640630487226053,0.8456613310867733,0.34134895933721976,0.3538247798557839,0.9172704296545914
Hybrid-Matrix,0.7,200,0.3,200,2,q2,4474,0.0034037152979540766,0.006195052898226792,0.009387572641931158,0.005125518423014949,0.012276752453328222,0.017881090746535537
Hybrid-Matrix,0.7,200,0.3,200,2,q3,2899,0.0011314548638058925,0.002242152466367713,0.002414625733011383,0.0016941315242789974,0.004177685792035568,0.005519144532597447
Hybrid-Matrix,0.7,200,0.3,200,2,q4,1585,0.0002440711717568086,0.0006309148264984228,0.0006309148264984228,0.0002440711717568086,0.0006309148264984228,0.0006309148264984228
Hybrid-Matrix,0.7,200,0.3,200,2,q5,666,0.0,0.0,0.0,0.0,0.0,0.0
Hybrid-Matrix,0.3,200,0.6,200,2,overall,6004,0.32136135105563884,0.19406581320414587,0.8439373750832778,0.3188885996703726,0.28284097039254613,0.9143904063957362
Hybrid-Matrix,0.3,200,0.6,200,2,q1,5935,0.3405665743127012,0.24972357732452294,0.8478517270429654,0.3523589760388257,0.3635258648857718,0.917944397641112
Hybrid-Matrix,0.3,200,0.6,200,2,q2,4474,0.007016805189949643,0.011710784000681183,0.01899865891819401,0.009990341351638815,0.021450588878078422,0.035762181493071074
Hybrid-Matrix,0.3,200,0.6,200,2,q3,2899,0.0029084268716747007,0.004881814747285599,0.0072438771990341495,0.004112379011816703,0.008826524745807257,0.012763021731631597
Hybrid-Matrix,0.3,200,0.6,200,2,q4,1585,0.0010956137487786969,0.0031545741324921135,0.0031545741324921135,0.0016444350986075493,0.005126182965299685,0.0056782334384858045
Hybrid-Matrix,0.3,200,0.6,200,2,q5,666,0.0,0.0,0.0,0.0005787022619744385,0.0022522522522522522,0.003003003003003003
Hybrid-Matrix,0.5,200,0.6,200,2,overall,6004,0.3319431303174223,0.20369897550338864,0.8594270486342438,0.32988340123829046,0.2953645595810217,0.9255496335776149
Hybrid-Matrix,0.5,200,0.6,200,2,q1,5935,0.35190095973241126,0.262270500521536,0.8636899747262005,0.3643729123615886,0.37865000945190974,0.9288963774220724
Hybrid-Matrix,0.5,200,0.6,200,2,q2,4474,0.008013190777759128,0.01353667752304319,0.022351363433169423,0.01150144274784775,0.025169054359935005,0.04224407688869021
Hybrid-Matrix,0.5,200,0.6,200,2,q3,2899,0.003330183938752018,0.005591419044333842,0.008278716798896172,0.0048287693521427925,0.01074289437518137,0.01483270093135564
Hybrid-Matrix,0.5,200,0.6,200,2,q4,1585,0.0009582793616642598,0.002523659305993691,0.002523659305993691,0.001821461971240462,0.005757097791798107,0.006309148264984227
Hybrid-Matrix,0.5,200,0.6,200,2,q5,666,0.0,0.0,0.0,0.0006265442869275224,0.0022522522522522522,0.003003003003003003
Hybrid-Matrix,0.7,200,0.6,200,2,overall,6004,0.3428806095311058,0.21068386940601513,0.8699200532978014,0.3426545044091994,0.31031031734397674,0.9342105263157895
Hybrid-Matrix,0.7,200,0.6,200,2,q1,5935,0.36284080865184076,0.27088673235571137,0.8737994945240101,0.3778801790978943,0.3966648616200228,0.9364785172704296
Hybrid-Matrix,0.7,200,0.6,200,2,q2,4474,0.00937843060535915,0.016195780204497235,0.02749217702279839,0.014312840568704575,0.03241095976256186,0.05744300402324542
Hybrid-Matrix,0.7,200,0.6,200,2,q3,2899,0.0033780697778276266,0.005901323390112628,0.008968609865470852,0.0050694376674984614,0.011666037002359872,0.016902380131079683
Hybrid-Matrix,0.7,200,0.6,200,2,q4,1585,0.0011141017021152554,0.0031545741324921135,0.0031545741324921135,0.0016243064673555937,0.005126182965299685,0.0056782334384858045
Hybrid-Matrix,0.7,200,0.6,200,2,q5,666,0.0,0.0,0.0,0.00040576299463561524,0.0015015015015015015,0.0015015015015015015
Hybrid-Matrix,0.3,500,0.3,200,2,overall,6004,0.2789931439197436,0.1624355289858008,0.7913057961359093,0.27282564501745576,0.23450113561616254,0.8720852764823451
Hybrid-Matrix,0.3,500,0.3,200,2,q1,5935,0.2972666702024733,0.20995722440206938,0.7988205560235889,0.30359863848789603,0.30463936537440195,0.8802021903959562
Hybrid-Matrix,0.3,500,0.3,200,2,q2,4474,0.0013177507000409732,0.002611384294441961,0.004023245417970496,0.001792320006469347,0.004343614960512591,0.006481895395619133
Hybrid-Matrix,0.3,500,0.3,200,2,q3,2899,0.0006420673046384223,0.0010348395998620215,0.0010348395998620215,0.0006420673046384223,0.0010348395998620215,0.0010348395998620215
Hybrid-Matrix,0.3,500,0.3,200,2,q4,1585,0.0,0.0,0.0,0.0,0.0,0.0
Hybrid-Matrix,0.3,500,0.3,200,2,q5,666,0.0,0.0,0.0,0.0,0.0,0.0
Hybrid-Matrix,0.5,500,0.3,200,2,overall,6004,0.29768428515060547,0.17827187144354234,0.820786142571619,0.2925141044863896,0.256791539351935,0.8939040639573618
Hybrid-Matrix,0.5,500,0.3,200,2,q1,5935,0.31802715323059455,0.2311297209452259,0.828306655433867,0.3259747795083915,0.33262641587758335,0.901095197978096
Hybrid-Matrix,0.5,500,0.3,200,2,q2,4474,0.002206863428350233,0.004120101326180897,0.006258381761287439,0.0034117572896696963,0.008523319922515274,0.012293249888243183
Hybrid-Matrix,0.5,500,0.3,200,2,q3,2899,0.0006898930665746809,0.0010348395998620215,0.0010348395998620215,0.0010533195839411973,0.002414625733011383,0.0027595722662987236
Hybrid-Matrix,0.5,500,0.3,200,2,q4,1585,0.0,0.0,0.0,0.0001577287066246057,0.0006309148264984228,0.0006309148264984228
Hybrid-Matrix,0.5,500,0.3,200,2,q5,666,0.0,0.0,0.0,0.0,0.0,0.0
Hybrid-Matrix,0.7,500,0.3,200,2,overall,6004,0.3230246241895492,0.19893345430657125,0.853597601598934,0.3180468947095238,0.28439931241084704,0.9183877415056629
Hybrid-Matrix,0.7,500,0.3,200,2,q1,5935,0.34494132428125523,0.25761916069636365,0.8599831508003369,0.35454679144559453,0.3678837463136128,0.9251895534962089
Hybrid-Matrix,0.7,500,0.3,200,2,q2,4474,0.004404370743829851,0.007985290674159696,0.012516763522574878,0.006311881767209774,0.014575749835025648,0.021457308895842648
Hybrid-Matrix,0.7,500,0.3,200,2,q3,2899,0.0012590133628744432,0.002932045532942394,0.003104518799586064,0.001772304561389902,0.004560959717910391,0.006209037599172128
Hybrid-Matrix,0.7,500,0.3,200,2,q4,1585,0.000224736395651749,0.0006309148264984228,0.0006309148264984228,0.000224736395651749,0.0006309148264984228,0.0006309148264984228
Hybrid-Matrix,0.7,500,0.3,200,2,q5,666,0.0,0.0,0.0,0.0,0.0,0.0
Hybrid-Matrix,0.3,500,0.6,200,2,overall,6004,0.32548948116856913,0.1974054897405267,0.8487674883411059,0.32265844000833643,0.2864361695014418,0.917221852098601
Hybrid-Matrix,0.3,500,0.6,200,2,q1,5935,0.34489679525938827,0.2538710376753989,0.85273799494524,0.35660432032098405,0.36838404369148453,0.9208087615838247
Hybrid-Matrix,0.3,500,0.6,200,2,q2,4474,0.007388644865006526,0.012481906039125528,0.02056325435851587,0.010324715712737392,0.02205593830439343,0.037103263299061245
Hybrid-Matrix,0.3,500,0.6,200,2,q3,2899,0.0030641986430008663,0.005246472511046501,0.00793377026560883,0.00437394802518614,0.00971763662346622,0.013797861331493619
Hybrid-Matrix,0.3,500,0.6,200,2,q4,1585,0.0009389433916836848,0.002523659305993691,0.002523659305993691,0.0016542563898107306,0.005126182965299685,0.0056782334384858045
Hybrid-Matrix,0.3,500,0.6,200,2,q5,666,0.0,0.0,0.0,0.0005670826453532895,0.0022522522522522522,0.003003003003003003
Hybrid-Matrix,0.5,500,0.6,200,2,overall,6004,0.33861673228898764,0.20791692019403166,0.8652564956695536,0.3366719665408174,0.3010787463006138,0.9278814123917388
Hybrid-Matrix,0.5,500,0.6,200,2,q1,5935,0.358959340464839,0.2676933258909303,0.8692502106149957,0.37189771563724433,0.3860420773301585,0.9307497893850042
Hybrid-Matrix,0.5,500,0.6,200,2,q2,4474,0.008555256457370531,0.014554551518118797,0.025257040679481448,0.01242329142967797,0.027374629927394294,0.04805543138131426
Hybrid-Matrix,0.5,500,0.6,200,2,q3,2899,0.0033640266991848836,0.0057556792982801945,0.008623663332183512,0.004915278709097708,0.01105088235133078,0.016212487064505003
Hybrid-Matrix,0.5,500,0.6,200,2,q4,1585,0.0009345834104321405,0.002523659305993691,0.002523659305993691,0.0017532538346089273,0.005757097791798107,0.006309148264984227
Hybrid-Matrix,0.5,500,0.6,200,2,q5,666,0.0,0.0,0.0,0.0005803595255018322,0.0022522522522522522,0.003003003003003003
Hybrid-Matrix,0.7,500,0.6,200,2,overall,6004,0.3519575195177428,0.21560375833305956,0.8752498334443705,0.351586742489125,0.31773318107321025,0.9377081945369754
Hybrid-Matrix,0.7,500,0.6,200,2,q1,5935,0.3724808293388492,0.27803288972704315,0.8786857624262847,0.3872004350256692,0.4053790257971665,0.939005897219882
Hybrid-Matrix,0.7,500,0.6,200,2,q2,4474,0.01012540138420059,0.016956258736544834,0.031962449709432274,0.016370308756480954,0.03728565585820118,0.06861868573983013
Hybrid-Matrix,0.7,500,0.6,200,2,q3,2899,0.003227461182359776,0.005908988868630126,0.009313556398758192,0.005190757429255199,0.012294606240794582,0.019661952397378408
Hybrid-Matrix,0.7,500,0.6,200,2,q4,1585,0.0007257826503330271,0.0018927444794952682,0.0018927444794952682,0.001559376197376456,0.005126182965299685,0.0056782334384858045
Hybrid-Matrix,0.7,500,0.6,200,2,q5,666,0.0,0.0,0.0,0.00036734315633367274,0.0015015015015015015,0.0015015015015015015
Hybrid-Matrix,0.3,200,0.3,200,3,overall,6013,0.2730939962782009,0.1582743990693281,0.7761516713786796,0.267519212107906,0.2293848341153431,0.8588059205055713
Hybrid-Matrix,0.3,200,0.3,200,3,q1,5943,0.2907103414418559,0.20460653847654195,0.784284031633855,0.29744208016799023,0.2988738864186246,0.8677435638566381
Hybrid-Matrix,0.3,200,0.3,200,3,q2,4400,0.0010730985330411394,0.002196969696969697,0.0027272727272727275,0.0012946028582076635,0.0029621212121212115,0.004090909090909091
Hybrid-Matrix,0.3,200,0.3,200,3,q3,2896,0.00014871428110269097,0.0003453038674033149,0.0003453038674033149,0.0003141549751024618,0.0008632596685082873,0.0013812154696132596
Hybrid-Matrix,0.3,200,0.3,200,3,q4,1678,0.0,0.0,0.0,0.0,0.0,0.0
Hybrid-Matrix,0.3,200,0.3,200,3,q5,698,0.0,0.0,0.0,0.0,0.0,0.0
Hybrid-Matrix,0.5,200,0.3,200,3,overall,6013,0.2879305626949382,0.1713659482192537,0.8004323964743056,0.2828224617191478,0.24617982628067706,0.8774322301679695
Hybrid-Matrix,0.5,200,0.3,200,3,q1,5943,0.30745885753475705,0.22180947273234033,0.8086824835941444,0.3153513988526285,0.32073100783548186,0.8860844691233384
Hybrid-Matrix,0.5,200,0.3,200,3,q2,4400,0.0016135340394170946,0.0030303030303030303,0.003863636363636364,0.0023962880247090745,0.005659090909090909,0.007727272727272728
Hybrid-Matrix,0.5,200,0.3,200,3,q3,2896,0.00041209475263027305,0.0006906077348066298,0.0010359116022099447,0.0005004998645728213,0.000949585635359116,0.0017265193370165745
Hybrid-Matrix,0.5,200,0.3,200,3,q4,1678,0.00010562531989514169,0.0002979737783075089,0.0005959475566150178,0.00010562531989514169,0.0002979737783075089,0.0005959475566150178
Hybrid-Matrix,0.5,200,0.3,200,3,q5,698,0.0,0.0,0.0,0.0,0.0,0.0
Hybrid-Matrix,0.7,200,0.3,200,3,overall,6013,0.3092407802624115,0.18853383972307264,0.8310327623482454,0.30372921044807333,0.26922218746792387,0.8972226841842674
Hybrid-Matrix,0.7,200,0.3,200,3,q1,5943,0.33089084097034177,0.24482743438246524,0.8389702170620899,0.3389792428929549,0.34870665094557163,0.9049301699478378
Hybrid-Matrix,0.7,200,0.3,200,3,q2,4400,0.003050864091168605,0.005696969696969697,0.007954545454545454,0.004504102810200079,0.010765151515151518,0.015227272727272726
Hybrid-Matrix,0.7,200,0.3,200,3,q3,2896,0.0006975593458376014,0.0012948895027624309,0.0020718232044198894,0.0012332677001883946,0.0031570639305445935,0.0051795580110497235
Hybrid-Matrix,0.7,200,0.3,200,3,q4,1678,0.00021139083285204012,0.0004469606674612634,0.0011918951132300357,0.0004324716356080054,0.0013408820023837903,0.0023837902264600714
Hybrid-Matrix,0.7,200,0.3,200,3,q5,698,0.0,0.0,0.0,0.0,0.0,0.0
Hybrid-Matrix,0.3,200,0.6,200,3,overall,6013,0.31690690843572916,0.1923879250451493,0.8360219524363878,0.31436839123426275,0.2788486729240649,0.9048727756527524
Hybrid-Matrix,0.3,200,0.6,200,3,q1,5943,0.3368309536917613,0.24823843017070238,0.8403163385495541,0.3480378893050567,0.3590387541564888,0.9093050647820966
Hybrid-Matrix,0.3,200,0.6,200,3,q2,4400,0.006126821067422269,0.011580176767676767,0.01840909090909091,0.00958833817949186,0.022966971790835424,0.035454545454545454
Hybrid-Matrix,0.3,200,0.6,200,3,q3,2896,0.0028498941646169615,0.0045703433307024465,0.007251381215469613,0.004333135599117127,0.009566561431202316,0.013466850828729282
Hybrid-Matrix,0.3,200,0.6,200,3,q4,1678,0.0007500044793401999,0.0010429082240762813,0.0017878426698450535,0.0009540138409703433,0.0016885180770758838,0.0029797377830750892
Hybrid-Matrix,0.3,200,0.6,200,3,q5,698,0.0004312750654211765,0.0014326647564469914,0.0014326647564469914,0.0007627624768248428,0.0028653295128939827,0.0028653295128939827
Hybrid-Matrix,0.5,200,0.6,200,3,overall,6013,0.32742853104964276,0.1998660663770279,0.8491601530018293,0.32555960182859844,0.29132238049938186,0.9145185431564943
Hybrid-Matrix,0.5,200,0.6,200,3,q1,5943,0.34809468940613897,0.2575938225233376,0.8532727578663974,0.36054317177332074,0.37403178628798217,0.9185596500084132
Hybrid-Matrix,0.5,200,0.6,200,3,q2,4400,0.007308321313630514,0.01438303489439853,0.022727272727272728,0.011301806938348575,0.027314901638765272,0.04409090909090909
Hybrid-Matrix,0.5,200,0.6,200,3,q3,2896,0.0029585880489174697,0.004742995264404104,0.007596685082872928,0.004482249501019568,0.009702216521967903,0.014157458563535912
Hybrid-Matrix,0.5,200,0.6,200,3,q4,1678,0.0007500044793401999,0.0010429082240762813,0.0017878426698450535,0.0010251303813529078,0.0018375049662296382,0.0029797377830750892
Hybrid-Matrix,0.5,200,0.6,200,3,q5,698,0.0004141329889941087,0.0014326647564469914,0.0014326647564469914,0.0004141329889941087,0.0014326647564469914,0.0014326647564469914
Hybrid-Matrix,0.7,200,0.6,200,3,overall,6013,0.33934273932478676,0.20923979111302257,0.861134209213371,0.3381979440875905,0.30506384905846906,0.9211707966073508
Hybrid-Matrix,0.7,200,0.6,200,3,q1,5943,0.36027218700520014,0.2691058325396978,0.8645465253239105,0.3740698138263378,0.3904158130678721,0.9246171967020024
Hybrid-Matrix,0.7,200,0.6,200,3,q2,4400,0.00932721590495247,0.017082606156469792,0.028863636363636362,0.01439165966323229,0.033682793216884124,0.05659090909090909
Hybrid-Matrix,0.7,200,0.6,200,3,q3,2896,0.0032151095888815788,0.00593429360694554,0.009323204419889503,0.004919204249280003,0.011774039726387794,0.017265193370165747
Hybrid-Matrix,0.7,200,0.6,200,3,q4,1678,0.0008718056697981773,0.0013408820023837903,0.0023837902264600714,0.0010610974307142752,0.0018375049662296382,0.0029797377830750892
Hybrid-Matrix,0.7,200,0.6,200,3,q5,698,0.0,0.0,0.0,0.0003871606796953005,0.0014326647564469914,0.0014326647564469914
Hybrid-Matrix,0.3,500,0.3,200,3,overall,6013,0.2760685397649751,0.15974216686833606,0.7798104107766506,0.27128686563408383,0.2337281062691463,0.863129885248628
Hybrid-Matrix,0.3,500,0.3,200,3,q1,5943,0.29404651243767455,0.20660527179859192,0.7881541309103146,0.30187386080383016,0.30448090839928643,0.8719501935049638
Hybrid-Matrix,0.3,500,0.3,200,3,q2,4400,0.0011177759344321834,0.002196969696969697,0.0027272727272727275,0.0015460121239012615,0.0037196969696969696,0.005
Hybrid-Matrix,0.3,500,0.3,200,3,q3,2896,0.00014871428110269097,0.0003453038674033149,0.0003453038674033149,0.00031976157610503933,0.0008632596685082873,0.0013812154696132596
Hybrid-Matrix,0.3,500,0.3,200,3,q4,1678,0.0,0.0,0.0,0.0,0.0,0.0
Hybrid-Matrix,0.3,500,0.3,200,3,q5,698,0.0,0.0,0.0,0.0,0.0,0.0
Hybrid-Matrix,0.5,500,0.3,200,3,overall,6013,0.29576430907037377,0.17726157110147425,0.8104107766505904,0.2897818737631094,0.25260035496027283,0.8827540329286546
Hybrid-Matrix,0.5,500,0.3,200,3,q1,5943,0.31600991010324264,0.22982024317700755,0.8182735991923271,0.32322573210698563,0.3288714700359942,0.8913006898872623
Hybrid-Matrix,0.5,500,0.3,200,3,q2,4400,0.0019136933113370913,0.0037196969696969696,0.005227272727272727,0.0026999032253844897,0.006295454545454545,0.00909090909090909
Hybrid-Matrix,0.5,500,0.3,200,3,q3,2896,0.00047878133833495116,0.0007769337016574585,0.0013812154696132596,0.0007789189155980294,0.001985497237569061,0.0027624309392265192
Hybrid-Matrix,0.5,500,0.3,200,3,q4,1678,0.0001152719926205428,0.0002979737783075089,0.0005959475566150178,0.00017003894337659439,0.0004469606674612634,0.0011918951132300357
Hybrid-Matrix,0.5,500,0.3,200,3,q5,698,0.0,0.0,0.0,0.0,0.0,0.0
Hybrid-Matrix,0.7,500,0.3,200,3,overall,6013,0.3202284636695361,0.19549702877644132,0.8426742058872443,0.31538564460196183,0.2800874830028337,0.9043738566439381
Hybrid-Matrix,0.7,500,0.3,200,3,q1,5943,0.3426846066683071,0.25417436265947446,0.850412249705536,0.35191510438229184,0.3624495416452358,0.911492512199226
Hybrid-Matrix,0.7,500,0.3,200,3,q2,4400,0.003888073728770291,0.007344696969696969,0.010227272727272727,0.006179125597348475,0.015246482683982682,0.022727272727272728
Hybrid-Matrix,0.7,500,0.3,200,3,q3,2896,0.0008119826407015999,0.0016401933701657458,0.0024171270718232043,0.0015176157472066502,0.0038970007892659823,0.005870165745856353
Hybrid-Matrix,0.7,500,0.3,200,3,q4,1678,0.0004036246467908161,0.0010429082240762813,0.0017878426698450535,0.0004036246467908161,0.0010429082240762813,0.0017878426698450535
Hybrid-Matrix,0.7,500,0.3,200,3,q5,698,0.0,0.0,0.0,0.0,0.0,0.0
Hybrid-Matrix,0.3,500,0.6,200,3,overall,6013,0.31976936642380477,0.19394807872092268,0.8373524031265591,0.31781632342194943,0.28236410014888147,0.9065358390154665
Hybrid-Matrix,0.3,500,0.6,200,3,q1,5943,0.3398278373559672,0.2501804756701435,0.8414941948510853,0.35183012506737904,0.36327560242192364,0.9109877166414269
Hybrid-Matrix,0.3,500,0.6,200,3,q2,4400,0.0064870179735595015,0.012533265345765347,0.020454545454545454,0.010165226855822938,0.02464554321940685,0.03840909090909091
Hybrid-Matrix,0.3,500,0.6,200,3,q3,2896,0.0027899944092756672,0.0045703433307024465,0.007251381215469613,0.004331243642720264,0.009739213364903973,0.013812154696132596
Hybrid-Matrix,0.3,500,0.6,200,3,q4,1678,0.0007500044793401999,0.0010429082240762813,0.0017878426698450535,0.0009224339966330588,0.0015395311879221293,0.0023837902264600714
Hybrid-Matrix,0.3,500,0.6,200,3,q5,698,0.0,0.0,0.0,0.0007311191386975487,0.0028653295128939827,0.0028653295128939827
Hybrid-Matrix,0.5,500,0.6,200,3,overall,6013,0.33338964723558967,0.20349062950438696,0.854648262098786,0.3310492428890134,0.2961154088963321,0.9166805255280226
Hybrid-Matrix,0.5,500,0.6,200,3,q1,5943,0.35426093302648204,0.2623256417681143,0.8584889786303214,0.36646740543640804,0.37967376075988307,0.9204105670536766
Hybrid-Matrix,0.5,500,0.6,200,3,q2,4400,0.008095683635965297,0.01540268191404555,0.026136363636363635,0.01260201828304474,0.030331761041988314,0.04931818181818182
Hybrid-Matrix,0.5,500,0.6,200,3,q3,2896,0.003072709452057437,0.005260951065509076,0.008287292817679558,0.004684460869759099,0.010680577479610629,0.015538674033149171
Hybrid-Matrix,0.5,500,0.6,200,3,q4,1678,0.0006641417491546386,0.0010429082240762813,0.0017878426698450535,0.0008644784799154935,0.0016388557806912992,0.0023837902264600714
Hybrid-Matrix,0.5,500,0.6,200,3,q5,698,0.0,0.0,0.0,0.00037628873214497644,0.0014326647564469914,0.0014326647564469914
Hybrid-Matrix,0.7,500,0.6,200,3,overall,6013,0.3477168825237421,0.2137140448196563,0.8652918676201563,0.34707470024883746,0.31280816570619113,0.9251621486778646
Hybrid-Matrix,0.7,500,0.6,200,3,q1,5943,0.36877581445550844,0.2747477072091187,0.8685848897863032,0.38321137039322406,0.39967200019841415,0.928487295978462
Hybrid-Matrix,0.7,500,0.6,200,3,q2,4400,0.010419360584822806,0.01914267929040656,0.03295454545454545,0.016621136644466704,0.03868448698920789,0.07113636363636364
Hybrid-Matrix,0.7,500,0.6,200,3,q3,2896,0.0031022747743123923,0.005704091028676664,0.009668508287292817,0.005290060988036483,0.013368192580899763,0.02037292817679558
Hybrid-Matrix,0.7,500,0.6,200,3,q4,1678,0.0007313915354174131,0.0011918951132300357,0.0017878426698450535,0.0009523870651621313,0.0018375049662296382,0.0029797377830750892
Hybrid-Matrix,0.7,500,0.6,200,3,q5,698,0.0,0.0,0.0,0.00037628873214497644,0.0014326647564469914,0.0014326647564469914
Hybrid-Matrix,0.3,200,0.3,200,4,overall,6006,0.27530368013262396,0.1611176954353498,0.7910422910422911,0.2692333514359644,0.23164611833229232,0.8697968697968698
Hybrid-Matrix,0.3,200,0.3,200,4,q1,5939,0.29385160111197967,0.2087514230176137,0.7992928102374137,0.2996795599469075,0.3005509729051465,0.8785990907560195
Hybrid-Matrix,0.3,200,0.3,200,4,q2,4417,0.0005405413848768546,0.000981058033355973,0.0011319900384876612,0.0007997830574334604,0.0018300505622217188,0.002490378084672855
Hybrid-Matrix,0.3,200,0.3,200,4,q3,2931,0.0,0.0,0.0,0.000300790679488049,0.001194131695667008,0.001364721937905152
Hybrid-Matrix,0.3,200,0.3,200,4,q4,1676,0.00014775822678229577,0.0002983293556085919,0.0005966587112171838,0.0002718803764561217,0.0005966587112171838,0.0005966587112171838
Hybrid-Matrix,0.3,200,0.3,200,4,q5,710,0.0,0.0,0.0,0.0,0.0,0.0
Hybrid-Matrix,0.5,200,0.3,200,4,overall,6006,0.291068554760709,0.17503543419132847,0.8118548118548119,0.28509280756662925,0.24845810510881558,0.8856143856143857
Hybrid-Matrix,0.5,200,0.3,200,4,q1,5939,0.3114154855870874,0.22650350396898788,0.820003367570298,0.3180977258080601,0.32233104941486024,0.8940899141269574
Hybrid-Matrix,0.5,200,0.3,200,4,q2,4417,0.0009244377197942762,0.0014998868009961513,0.0022639800769753225,0.0016014641778418616,0.003933665383744623,0.005207154177043242
Hybrid-Matrix,0.5,200,0.3,200,4,q3,2931,0.0004446042503416868,0.001194131695667008,0.001364721937905152,0.0006236021428760055,0.0018196292505402024,0.0020470829068577278
Hybrid-Matrix,0.5,200,0.3,200,4,q4,1676,0.0003898528395022369,0.0005966587112171838,0.0005966587112171838,0.0003898528395022369,0.0005966587112171838,0.0005966587112171838
Hybrid-Matrix,0.5,200,0.3,200,4,q5,710,0.0,0.0,0.0,0.0,0.0,0.0
Hybrid-Matrix,0.7,200,0.3,200,4,overall,6006,0.31131332791907507,0.19056123210048856,0.8363303363303364,0.30694773942508835,0.2727586777617189,0.9047619047619048
Hybrid-Matrix,0.7,200,0.3,200,4,q1,5939,0.3333498214038104,0.2464806329909104,0.8437447381714094,0.34264771009474965,0.3522567869440399,0.9121064152214178
Hybrid-Matrix,0.7,200,0.3,200,4,q2,4417,0.0019529179770758894,0.004094030639197042,0.005886348200135839,0.0036669730942206257,0.010314751281470776,0.014263074484944533
Hybrid-Matrix,0.7,200,0.3,200,4,q3,2931,0.0010088768684824608,0.0019902194927783464,0.002388263391334016,0.0016410567940790216,0.00418271027278192,0.005458887751620608
Hybrid-Matrix,0.7,200,0.3,200,4,q4,1676,0.0005703040532409036,0.0005966587112171838,0.0005966587112171838,0.0007194687310451995,0.0011933174224343676,0.0011933174224343676
Hybrid-Matrix,0.7,200,0.3,200,4,q5,710,0.0,0.0,0.0,0.0,0.0,0.0
Hybrid-Matrix,0.3,200,0.6,200,4,overall,6006,0.32150824659132526,0.19557067533540112,0.8423243423243423,0.31871477545716226,0.2817504617571947,0.9072594072594072
Hybrid-Matrix,0.3,200,0.6,200,4,q1,5939,0.34172761220146647,0.25017987814052733,0.8459336588651288,0.3532701740313859,0.36149063928855385,0.9116012796767132
Hybrid-Matrix,0.3,200,0.6,200,4,q2,4417,0.005640194828953829,0.011390307677380352,0.019470228661987776,0.008295370719744061,0.01981966666141445,0.03328050713153724
Hybrid-Matrix,0.3,200,0.6,200,4,q3,2931,0.0033833026323347353,0.006557163977839516,0.009211873080859774,0.004318491199944032,0.009639161020941983,0.015353121801432957
Hybrid-Matrix,0.3,200,0.6,200,4,q4,1676,0.0018337939863872499,0.00293357199681782,0.003579952267303103,0.0020393855428546496,0.0036793953858392995,0.004176610978520286
Hybrid-Matrix,0.3,200,0.6,200,4,q5,710,0.0008886334557344473,0.0014084507042253522,0.0014084507042253522,0.0008886334557344473,0.0014084507042253522,0.0014084507042253522
Hybrid-Matrix,0.5,200,0.6,200,4,overall,6006,0.3320203458723231,0.20415393602244988,0.8528138528138528,0.3300429102944119,0.29530829159344457,0.9177489177489178
Hybrid-Matrix,0.5,200,0.6,200,4,q1,5939,0.35291115972577924,0.2614964585628318,0.8565415053039233,0.3655507579407625,0.37756928351106767,0.9208620979962957
Hybrid-Matrix,0.5,200,0.6,200,4,q2,4417,0.00677970910655252,0.013732269290340379,0.02422458682363595,0.009847565528065134,0.02351777030857855,0.039619651347068144
Hybrid-Matrix,0.5,200,0.6,200,4,q3,2931,0.0033085474995939107,0.006602654709103021,0.009211873080859774,0.004533124057605087,0.010577407353251776,0.01671784373933811
Hybrid-Matrix,0.5,200,0.6,200,4,q4,1676,0.0013899658401075687,0.0015910898965791566,0.0017899761336515514,0.0023340023826960137,0.005071599045346062,0.0053699284009546535
Hybrid-Matrix,0.5,200,0.6,200,4,q5,710,0.0007042253521126761,0.0014084507042253522,0.0014084507042253522,0.0007042253521126761,0.0014084507042253522,0.0014084507042253522
Hybrid-Matrix,0.7,200,0.6,200,4,overall,6006,0.34394098302837145,0.2128971587719312,0.8653013653013653,0.3421889280880022,0.30710466810935244,0.9222444222444223
Hybrid-Matrix,0.7,200,0.6,200,4,q1,5939,0.3649685621774273,0.2724233294143597,0.8678228658023236,0.3782152163429916,0.3914690221711947,0.9243980468092271
Hybrid-Matrix,0.7,200,0.6,200,4,q2,4417,0.008247266535259605,0.016433578998668427,0.0287525469775866,0.01276173291651896,0.03123219258039272,0.051845143762734885
Hybrid-Matrix,0.7,200,0.6,200,4,q3,2931,0.003547744660777926,0.006773244951341165,0.00989423404981235,0.005183422947122505,0.012090121864942746,0.019106107130672127
Hybrid-Matrix,0.7,200,0.6,200,4,q4,1676,0.0013899658401075687,0.0015910898965791566,0.0017899761336515514,0.0024346142117094714,0.005355722241163769,0.0065632458233890216
Hybrid-Matrix,0.7,200,0.6,200,4,q5,710,0.0007042253521126761,0.0014084507042253522,0.0014084507042253522,0.0007042253521126761,0.0014084507042253522,0.0014084507042253522
Hybrid-Matrix,0.3,500,0.3,200,4,overall,6006,0.27938580713105526,0.16431726207755498,0.7963702963702963,0.27355719104890763,0.23606618867872178,0.8734598734598734
Hybrid-Matrix,0.3,500,0.3,200,4,q1,5939,0.29838564748595825,0.2128495741627455,0.8046809227142616,0.3046155069704434,0.3059883731372571,0.882135039568951
Hybrid-Matrix,0.3,500,0.3,200,4,q2,4417,0.0006710044380967785,0.0012829220436193494,0.001584786053882726,0.0010574646220544155,0.002650743340125273,0.003395970115462984
Hybrid-Matrix,0.3,500,0.3,200,4,q3,2931,0.00010270555976253197,0.000341180484476288,0.000341180484476288,0.00040032547960721683,0.0015353121801432957,0.0017059024223814397
Hybrid-Matrix,0.3,500,0.3,200,4,q4,1676,0.00014497125577543903,0.0002983293556085919,0.0005966587112171838,0.00026956234622255566,0.0005966587112171838,0.0005966587112171838
Hybrid-Matrix,0.3,500,0.3,200,4,q5,710,0.0,0.0,0.0,0.0,0.0,0.0
Hybrid-Matrix,0.5,500,0.3,200,4,overall,6006,0.2985835824263356,0.1806113343905549,0.8211788211788211,0.2925958818652666,0.2561729744130984,0.8911088911088911
Hybrid-Matrix,0.5,500,0.3,200,4,q1,5939,0.31974245199262435,0.23376027621398238,0.8289274288600774,0.3266531735017275,0.33179293686425154,0.8989728910591008
Hybrid-Matrix,0.5,500,0.3,200,4,q2,4417,0.0011583461097214062,0.0020941815712021733,0.0029431741000679195,0.0021808646221882404,0.005807544278225736,0.008150328277111162
Hybrid-Matrix,0.5,500,0.3,200,4,q3,2931,0.00048667732322871314,0.001194131695667008,0.001364721937905152,0.0008870195445826605,0.002672580461730922,0.0030706243602865915
Hybrid-Matrix,0.5,500,0.3,200,4,q4,1676,0.00038452497781961463,0.0005966587112171838,0.0005966587112171838,0.00038452497781961463,0.0005966587112171838,0.0005966587112171838
Hybrid-Matrix,0.5,500,0.3,200,4,q5,710,0.0,0.0,0.0,0.0,0.0,0.0
Hybrid-Matrix,0.7,500,0.3,200,4,overall,6006,0.3230107823339645,0.19918963030108247,0.8466533466533467,0.3181699494022286,0.2827025952558166,0.9112554112554112
Hybrid-Matrix,0.7,500,0.3,200,4,q1,5939,0.34583307189691814,0.25746927723770724,0.8536790705505978,0.355081486653676,0.3646873471661683,0.9174945276982657
Hybrid-Matrix,0.7,500,0.3,200,4,q2,4417,0.002913022441021778,0.006609370555487829,0.009735114330993888,0.005330871662560894,0.01480002338616783,0.023318994792845823
Hybrid-Matrix,0.7,500,0.3,200,4,q3,2931,0.0012571806056951153,0.002757875582849994,0.0034118048447628795,0.0018381002830014938,0.00468635765462787,0.006482429205049471
Hybrid-Matrix,0.7,500,0.3,200,4,q4,1676,0.0005224617379037789,0.0005966587112171838,0.0005966587112171838,0.0008095976057408498,0.0015910898965791566,0.0017899761336515514
Hybrid-Matrix,0.7,500,0.3,200,4,q5,710,0.0,0.0,0.0,0.0,0.0,0.0
Hybrid-Matrix,0.3,500,0.6,200,4,overall,6006,0.32509693596319605,0.19787662331345365,0.844988344988345,0.32231040826909957,0.28522085341269743,0.9090909090909091
Hybrid-Matrix,0.3,500,0.6,200,4,q1,5939,0.345474219100335,0.2533942671298478,0.8486277151035528,0.3571832921177932,0.36598295506801826,0.9124431722512207
Hybrid-Matrix,0.3,500,0.6,200,4,q2,4417,0.0061840381074165125,0.012421586538634309,0.02082861670817297,0.008882000357604147,0.020895326719415467,0.03554448720851257
Hybrid-Matrix,0.3,500,0.6,200,4,q3,2931,0.0030585691541748787,0.005977157154229825,0.008188331627430911,0.004306536419610719,0.010094068333577032,0.016035482770385533
Hybrid-Matrix,0.3,500,0.6,200,4,q4,1676,0.001754193332859726,0.002784407319013524,0.0029832935560859188,0.002019843068733459,0.0036793953858392995,0.004176610978520286
Hybrid-Matrix,0.3,500,0.6,200,4,q5,710,0.0007042253521126761,0.0014084507042253522,0.0014084507042253522,0.0007042253521126761,0.0014084507042253522,0.0014084507042253522
Hybrid-Matrix,0.5,500,0.6,200,4,overall,6006,0.3381781689823664,0.207903633747791,0.8584748584748585,0.3363682493754688,0.3006592156845558,0.9187479187479187
Hybrid-Matrix,0.5,500,0.6,200,4,q1,5939,0.3591108934842529,0.26630705557948414,0.8614244822360667,0.3721347273144951,0.3838656728056598,0.9213672335410001
Hybrid-Matrix,0.5,500,0.6,200,4,q2,4417,0.007565413304109753,0.015164133026935832,0.027394158931401402,0.011417996559753703,0.0283043812022757,0.04618519357029658
Hybrid-Matrix,0.5,500,0.6,200,4,q3,2931,0.003233508077167879,0.006318337638706113,0.008529512111907198,0.004569770611548888,0.010486573587904191,0.017059024223814397
Hybrid-Matrix,0.5,500,0.6,200,4,q4,1676,0.0013899658401075687,0.0015910898965791566,0.0017899761336515514,0.002398353078404944,0.005270485282418456,0.0059665871121718375
Hybrid-Matrix,0.5,500,0.6,200,4,q5,710,0.0007042253521126761,0.0014084507042253522,0.0014084507042253522,0.0007042253521126761,0.0014084507042253522,0.0014084507042253522
Hybrid-Matrix,0.7,500,0.6,200,4,overall,6006,0.35362376470406853,0.21832436367325928,0.8711288711288712,0.35149264530183294,0.3150696270707117,0.9242424242424242
Hybrid-Matrix,0.7,500,0.6,200,4,q1,5939,0.37455975905692473,0.27945263925900804,0.8732109782791716,0.38760712923030816,0.40070927993061706,0.9255766964135377
Hybrid-Matrix,0.7,500,0.6,200,4,q2,4417,0.009690828197782761,0.018492992304402763,0.032374915100747116,0.015226450614355246,0.03610540505321856,0.06339144215530904
Hybrid-Matrix,0.7,500,0.6,200,4,q3,2931,0.003789914375593154,0.007603856964143557,0.010576595018764927,0.005536819361115938,0.013185961087701106,0.021494370522006142
Hybrid-Matrix,0.7,500,0.6,200,4,q4,1676,0.0013472330635049424,0.0021877486077963404,0.002386634844868735,0.00220196302556281,0.005270485282418456,0.0059665871121718375
Hybrid-Matrix,0.7,500,0.6,200,4,q5,710,0.0005017002635324256,0.0014084507042253522,0.0014084507042253522,0.0005017002635324256,0.0014084507042253522,0.0014084507042253522
