model,ease_lambda,rp3_beta,rp3_topK,gamma,train_time_s,seed,NDCG@10,MAP@10,HitRate@10,Recall@10,Coverage@10,Gini@10,Novelty@10,NDCG@20,MAP@20,HitRate@20,Recall@20,Coverage@20,Gini@20,Novelty@20,NDCG@k,MAP@k,HitRate@k,Recall@k,Coverage@k,Gini@k,Novelty@k,wilcoxon_vs_EASE_stat,wilcoxon_vs_EASE_p,wilcoxon_vs_EASE_n_pairs,wilcoxon_vs_EASE_sign,wilcoxon_vs_EASE_mean_diff,wilcoxon_vs_EASE_median_diff
Hybrid-GraphReg,200,0.6,200,0.01,10.462810516357422,0,0.34829527256440396,0.21460448424419576,0.8809920106524634,0.21866722795106602,0.35802107728337235,0.7511243389843796,2.478796984348833,0.35149969747338583,0.19200374335340484,0.9372503328894807,0.3216853790467957,0.4490632318501171,0.7440155195072369,2.638301901156304,0.34829527256440396,0.21460448424419576,0.8809920106524634,0.21866722795106602,0.35802107728337235,0.7511243389843796,2.478796984348833,4188005.5,1.2993869284602802e-68,6008,-1,-0.02123675945928016,0.0
Hybrid-GraphReg,200,0.6,200,0.05,8.943697452545166,0,0.34761966816585105,0.2141434552210809,0.8804926764314248,0.21844721728041902,0.3831967213114754,0.7589204717112603,2.4990623580493856,0.3510207289981908,0.19170333565923356,0.9370838881491345,0.32162758107229394,0.4833138173302108,0.7544879288749666,2.658563679699779,0.34761966816585105,0.2141434552210809,0.8804926764314248,0.21844721728041902,0.3831967213114754,0.7589204717112603,2.4990623580493856,4224979.5,3.4637256884865246e-70,6008,-1,-0.021912363857833093,0.0
Hybrid-GraphReg,200,0.6,200,0.1,9.458565950393677,0,0.3460788584652587,0.2129006992524287,0.8806591211717709,0.21760949087391723,0.4218384074941452,0.7676779099068465,2.538683793093843,0.35014733888912536,0.19098562059505492,0.9365845539280959,0.32156113287714766,0.5392271662763466,0.7681079136612639,2.695716421347432,0.3460788584652587,0.2129006992524287,0.8806591211717709,0.21760949087391723,0.4218384074941452,0.7676779099068465,2.538683793093843,4237770.0,2.685141775658608e-74,6008,-1,-0.023453173558425473,0.0
Hybrid-GraphReg,200,0.6,200,0.3,9.370954513549805,0,0.33201165647407443,0.20146001992828746,0.8695073235685752,0.21146707563503317,0.5963114754098361,0.7773721439651402,2.798324526084132,0.33592744077414477,0.18052307677831464,0.9289280958721704,0.3098763018738261,0.7388758782201406,0.7776714842439347,2.9332585347672797,0.33201165647407443,0.20146001992828746,0.8695073235685752,0.21146707563503317,0.5963114754098361,0.7773721439651402,2.798324526084132,3913084.0,8.833157537742097e-127,6008,-1,-0.03752037554960968,-0.013787415233834303
Hybrid-GraphReg,200,0.6,200,0.5,9.610533475875854,0,0.30768552084111395,0.18233559899369076,0.8457057256990679,0.1983330626815209,0.7131147540983607,0.752431897043679,3.137484170458691,0.3146780544327085,0.16480425734121443,0.9157789613848203,0.2938492452542014,0.8468969555035128,0.7507015763749498,3.223570108871275,0.30768552084111395,0.18233559899369076,0.8457057256990679,0.1983330626815209,0.7131147540983607,0.752431897043679,3.137484170458691,3296746.0,2.1408680926001568e-220,6008,-1,-0.061846511182570126,-0.037232784408046254
Hybrid-GraphReg,200,0.6,200,1.0,9.100225448608398,0,0.24126016429954264,0.13299032278893952,0.7711384820239681,0.16067261672583624,0.8594847775175644,0.6730192282224972,3.948168261031606,0.25392437608809837,0.12261174789783011,0.8748335552596538,0.248674598203463,0.9417447306791569,0.6613694692435783,3.9117016207784694,0.24126016429954264,0.13299032278893952,0.7711384820239681,0.16067261672583624,0.8594847775175644,0.6730192282224972,3.948168261031606,1981438.0,0.0,6008,-1,-0.12827186772414145,-0.10699313236726381
Hybrid-GraphReg,500,0.6,200,0.01,9.01469898223877,0,0.3635688235305321,0.2293181855566979,0.8856524633821571,0.22541514131915863,0.31059718969555034,0.757189251905408,2.3902030743118967,0.365490920466741,0.20423723556743384,0.9374167776298269,0.3319237913546891,0.40134660421545665,0.7503416305611481,2.556806953329293,0.3635688235305321,0.2293181855566979,0.8856524633821571,0.22541514131915863,0.31059718969555034,0.757189251905408,2.3902030743118967,3736702.5,1.1579382332441497e-17,6008,-1,-0.005963208493151997,0.0
Hybrid-GraphReg,500,0.6,200,0.05,9.01531982421875,0,0.36304676995066815,0.2289321839954974,0.8851531291611185,0.22508945219452547,0.3252341920374707,0.7619258330626673,2.404102674379237,0.3655629871724357,0.2041753448983418,0.9385818908122503,0.33264901673756486,0.4177400468384075,0.7547070502586133,2.570317596052429,0.36304676995066815,0.2289321839954974,0.8851531291611185,0.22508945219452547,0.3252341920374707,0.7619258330626673,2.404102674379237,3859877.0,4.843424408029121e-19,6008,-1,-0.006485262073016004,0.0
Hybrid-GraphReg,500,0.6,200,0.1,9.069252729415894,0,0.3630375050626925,0.22879210071148098,0.8864846870838882,0.2256927853521332,0.3436768149882904,0.7669666736231306,2.422400622762694,0.3657058164603674,0.20428131758203183,0.9387483355525965,0.332943989591891,0.4487704918032787,0.7640380775187334,2.5903453015392404,0.3630375050626925,0.22879210071148098,0.8864846870838882,0.2256927853521332,0.3436768149882904,0.7669666736231306,2.422400622762694,4037310.5,5.1648450242111156e-17,6008,-1,-0.006494526960991654,0.0
Hybrid-GraphReg,500,0.6,200,0.3,9.068378925323486,0,0.3603091695950875,0.22626898189245612,0.887982689747004,0.22530102577800828,0.43559718969555034,0.7829730833798663,2.531446305883249,0.36300625407334053,0.2021190234015997,0.9375832223701731,0.3313573441084979,0.5579625292740047,0.780330458304632,2.692018045139106,0.3603091695950875,0.22626898189245612,0.887982689747004,0.22530102577800828,0.43559718969555034,0.7829730833798663,2.531446305883249,4602293.5,5.814487166025819e-21,6008,-1,-0.009222862428596641,0.0
Hybrid-GraphReg,500,0.6,200,0.5,11.716867208480835,0,0.352246491398342,0.21965459002404286,0.8804926764314248,0.2210582209600187,0.5187353629976581,0.7821297337184732,2.670665100990166,0.3561589094207047,0.1966682911025202,0.9360852197070573,0.32721517493006913,0.6545667447306791,0.780834238010619,2.82271773979128,0.352246491398342,0.21965459002404286,0.8804926764314248,0.2210582209600187,0.5187353629976581,0.7821297337184732,2.670665100990166,4527513.5,1.3331115413406688e-44,6008,-1,-0.017285540625342058,0.0
Hybrid-GraphReg,500,0.6,200,1.0,9.013553619384766,0,0.3212165729945436,0.19440984672028794,0.855525965379494,0.20509262383627727,0.6718384074941453,0.7510253866304621,3.085191145871291,0.32827345497487964,0.17495922350020324,0.9231025299600533,0.3070170369172012,0.8047423887587822,0.7494447442212371,3.1833339417061883,0.3212165729945436,0.19440984672028794,0.855525965379494,0.20509262383627727,0.6718384074941453,0.7510253866304621,3.085191145871291,3819578.5,2.819052556044712e-153,6008,-1,-0.04831545902914055,-0.020565553963194927
Hybrid-GraphReg,200,0.6,200,0.01,9.0440673828125,1,0.34638122981104025,0.21324138818895053,0.8719613719613719,0.21550277833923875,0.35772833723653397,0.7533307663422228,2.4724882596423132,0.3491674112091732,0.19038324949078508,0.9307359307359307,0.3175801839584669,0.45491803278688525,0.7475605582748441,2.637885986071822,0.34638122981104025,0.21324138818895053,0.8719613719613719,0.21550277833923875,0.35772833723653397,0.7533307663422228,2.4724882596423132,4115458.5,2.4940949950420568e-67,6006,-1,-0.020208356722138283,0.0
Hybrid-GraphReg,200,0.6,200,0.05,9.007554531097412,1,0.3463134786148876,0.21325518237012,0.8719613719613719,0.21538427236169005,0.382903981264637,0.7601724982458928,2.4951336232924834,0.3491975509963703,0.1905178350448044,0.9295704295704296,0.31743659656669104,0.4894613583138173,0.7571306285421118,2.659810906179185,0.3463134786148876,0.21325518237012,0.8719613719613719,0.21538427236169005,0.382903981264637,0.7601724982458928,2.4951336232924834,4183945.0,3.7288283349575324e-67,6006,-1,-0.020276107918290893,0.0
Hybrid-GraphReg,200,0.6,200,0.1,9.175989627838135,1,0.34503849576986917,0.21229144231199218,0.8711288711288712,0.21471567097820035,0.4215456674473068,0.7684468078218076,2.5347335959928756,0.34815346690778615,0.18965993934843536,0.9302364302364302,0.3168425452691633,0.5459601873536299,0.7703861375443144,2.697964379047044,0.34503849576986917,0.21229144231199218,0.8711288711288712,0.21471567097820035,0.4215456674473068,0.7684468078218076,2.5347335959928756,4190091.5,6.15494886576252e-70,6006,-1,-0.021551090763309338,0.0
Hybrid-GraphReg,200,0.6,200,0.3,9.472880125045776,1,0.3283261938566374,0.19833122232286063,0.860972360972361,0.2059477623138395,0.5875292740046838,0.7738248962464209,2.802217161386265,0.333739721409023,0.17819935824211589,0.9227439227439227,0.3073184018815116,0.7268735362997658,0.7745099376392166,2.9348877572066825,0.3283261938566374,0.19833122232286063,0.860972360972361,0.2059477623138395,0.5875292740046838,0.7738248962464209,2.802217161386265,3807856.5,7.059291009657678e-132,6006,-1,-0.03826339267654108,-0.013384605622664164
Hybrid-GraphReg,200,0.6,200,0.5,8.945883989334106,1,0.3030358973334183,0.17849456768036703,0.837995337995338,0.1920155898179179,0.7034543325526932,0.7483945101922631,3.145264184174935,0.310989984818091,0.16133834603823688,0.9099234099234099,0.291298639625734,0.8375292740046838,0.7483348179258702,3.2330379198411325,0.3030358973334183,0.17849456768036703,0.837995337995338,0.1920155898179179,0.7034543325526932,0.7483945101922631,3.145264184174935,3192290.0,6.162158681465281e-227,6006,-1,-0.06355368919976025,-0.03949021490117117
Hybrid-GraphReg,200,0.6,200,1.0,9.927051067352295,1,0.23609619121472436,0.12950983807701494,0.7610722610722611,0.1546119225655471,0.8430913348946136,0.6683639277389277,3.961060350330682,0.24972739541299988,0.11961732876223974,0.8656343656343657,0.243426399887273,0.9394028103044496,0.6609013765916227,3.9271158839816667,0.23609619121472436,0.12950983807701494,0.7610722610722611,0.1546119225655471,0.8430913348946136,0.6683639277389277,3.961060350330682,1804398.0,0.0,6006,-1,-0.13049339531845414,-0.10699313236726378
Hybrid-GraphReg,500,0.6,200,0.01,9.191100835800171,1,0.3623395158290866,0.2282769858322579,0.8774558774558775,0.222934919234701,0.31528103044496486,0.7614773650985351,2.388664552888206,0.3635956049450233,0.20276813294581167,0.9352314352314353,0.3277309213050913,0.4042740046838407,0.7519619289713424,2.558152689482394,0.3623395158290866,0.2282769858322579,0.8774558774558775,0.222934919234701,0.31528103044496486,0.7614773650985351,2.388664552888206,3816727.0,3.4428335121017996e-12,6006,-1,-0.00425007070409194,0.0
Hybrid-GraphReg,500,0.6,200,0.05,9.11669397354126,1,0.36196102828925425,0.22806972154619548,0.8762903762903763,0.22224786254623108,0.33079625292740045,0.7660101255676477,2.4034095863742952,0.3640813008900878,0.20308970471663915,0.9358974358974359,0.32830570998370784,0.4230093676814988,0.7572154028209392,2.572138126630285,0.36196102828925425,0.22806972154619548,0.8762903762903763,0.22224786254623108,0.33079625292740045,0.7660101255676477,2.4034095863742952,3916963.0,3.3089974967771924e-13,6006,-1,-0.004628558243924324,0.0
Hybrid-GraphReg,500,0.6,200,0.1,9.156630754470825,1,0.36170291746660915,0.227732671633607,0.8761238761238761,0.22225611730528547,0.34923887587822017,0.7706980920727777,2.421967009154448,0.36405969772969465,0.20297033003823375,0.9362304362304362,0.3286870293591715,0.4475995316159251,0.7634340044084975,2.5905862916303546,0.36170291746660915,0.227732671633607,0.8761238761238761,0.22225611730528547,0.34923887587822017,0.7706980920727777,2.421967009154448,4070584.5,4.2495341068051105e-13,6006,-1,-0.004886669066569359,0.0
Hybrid-GraphReg,500,0.6,200,0.3,8.939757347106934,1,0.3583952619321143,0.22481333554746255,0.8776223776223776,0.22142216860224936,0.43676814988290397,0.7833376855494818,2.5298260927560015,0.36131532300883673,0.20060705066176104,0.9355644355644356,0.32719538251402175,0.561768149882904,0.781023171721452,2.694795276926259,0.3583952619321143,0.22481333554746255,0.8776223776223776,0.22142216860224936,0.43676814988290397,0.7833376855494818,2.5298260927560015,4544392.0,5.427128995170149e-19,6006,-1,-0.008194324601064206,0.0
Hybrid-GraphReg,500,0.6,200,0.5,9.19020938873291,1,0.3481510865779319,0.21613025624434354,0.8696303696303697,0.2155423777951969,0.5196135831381733,0.780747046380849,2.67820784003626,0.35298671808086246,0.19366319799563303,0.9333999333999334,0.3220586919171999,0.6449063231850117,0.776795787054525,2.828232058602214,0.3481510865779319,0.21613025624434354,0.8696303696303697,0.2155423777951969,0.5196135831381733,0.780747046380849,2.67820784003626,4443363.5,2.6877454982302326e-47,6006,-1,-0.018438499955246556,0.0
Hybrid-GraphReg,500,0.6,200,1.0,9.269598484039307,1,0.3170125366478022,0.19053914289812818,0.8458208458208458,0.1992156064299166,0.667447306791569,0.7467359248938197,3.0992109892054875,0.3242814784128159,0.17139273392729804,0.919080919080919,0.3022201519003083,0.7947892271662763,0.7455083958398876,3.1947820193343515,0.3170125366478022,0.19053914289812818,0.8458208458208458,0.1992156064299166,0.667447306791569,0.7467359248938197,3.0992109892054875,3674473.5,2.103579792658713e-156,6006,-1,-0.04957704988537623,-0.019082879296849847
Hybrid-GraphReg,200,0.6,200,0.01,8.849357843399048,2,0.34372003426421655,0.2102621638956493,0.8769153897401732,0.2154647929051077,0.3562646370023419,0.7521263830138987,2.4714272661792585,0.34694268837934567,0.18781131411067772,0.9363757495003331,0.3183650002476228,0.45081967213114754,0.7469730893689921,2.63273649886484,0.34372003426421655,0.2102621638956493,0.8769153897401732,0.2154647929051077,0.3562646370023419,0.7521263830138987,2.4714272661792585,4140728.5,2.5053418940782613e-74,6004,-1,-0.021410329499597782,0.0
Hybrid-GraphReg,200,0.6,200,0.05,10.641600131988525,2,0.3429154557336419,0.20945064102515681,0.8780812791472352,0.2153261697299143,0.3799765807962529,0.7592418613579648,2.4917513996817653,0.34721633619631,0.18767066927877202,0.9373750832778148,0.31976238986390754,0.48653395784543324,0.7577765645205643,2.6533813516909444,0.3429154557336419,0.20945064102515681,0.8780812791472352,0.2153261697299143,0.3799765807962529,0.7592418613579648,2.4917513996817653,4118679.0,6.792325616876232e-77,6004,-1,-0.022214908030172377,0.0
Hybrid-GraphReg,200,0.6,200,0.1,10.13098955154419,2,0.3418102760532323,0.20839638464757432,0.8782478347768155,0.21459361255019177,0.42418032786885246,0.7711101271799936,2.531641211789274,0.346872210149061,0.1872560744377953,0.9373750832778148,0.3201297019753323,0.5362997658079626,0.7677529390886426,2.6918235630526723,0.3418102760532323,0.20839638464757432,0.8782478347768155,0.21459361255019177,0.42418032786885246,0.7711101271799936,2.531641211789274,4189552.0,9.983596274807932e-78,6004,-1,-0.023320087710582013,-0.0018777335752427904
Hybrid-GraphReg,200,0.6,200,0.3,8.774270296096802,2,0.32603817837393956,0.19521529282191816,0.867255163224517,0.20637533177235845,0.5866510538641686,0.7750793217030296,2.794617860518587,0.3330868956018236,0.17644262658795593,0.930379746835443,0.3105711777979839,0.724824355971897,0.77563040902188,2.927511221854626,0.32603817837393956,0.19521529282191816,0.867255163224517,0.20637533177235845,0.5866510538641686,0.7750793217030296,2.794617860518587,3810895.5,2.0227496975856992e-137,6004,-1,-0.03909218538987473,-0.016244644233317458
Hybrid-GraphReg,200,0.6,200,0.5,8.814370393753052,2,0.3014775628459487,0.17655825587909058,0.8444370419720186,0.19275672349428058,0.7122365339578455,0.7527654669458612,3.1362901227070727,0.3109248613072227,0.16027573253820385,0.9207195203197868,0.29535310774706425,0.8381147540983607,0.7501641122707112,3.217260692546705,0.3014775628459487,0.17655825587909058,0.8444370419720186,0.19275672349428058,0.7122365339578455,0.7527654669458612,3.1362901227070727,3210891.0,3.2337073657245586e-228,6004,-1,-0.06365280091786558,-0.03778360776641254
Hybrid-GraphReg,200,0.6,200,1.0,8.78013300895691,2,0.23739044600701745,0.12970387248867765,0.7678214523650899,0.15733404995458886,0.8518735362997658,0.6713835220963802,3.934066068246594,0.25020163568221326,0.11916712556593674,0.8685876082611592,0.24598323425926047,0.9408665105386417,0.6612587822596594,3.908257280512061,0.23739044600701745,0.12970387248867765,0.7678214523650899,0.15733404995458886,0.8518735362997658,0.6713835220963802,3.934066068246594,1930369.0,0.0,6004,-1,-0.12773991775679686,-0.10326636217652754
Hybrid-GraphReg,500,0.6,200,0.01,8.747632026672363,2,0.35890666005981287,0.2243890095410064,0.8790806129247168,0.22219436027017112,0.31059718969555034,0.7578317251270126,2.3885169883979587,0.3617589365581828,0.20026970926387117,0.9395403064623584,0.3290493749759572,0.4063231850117096,0.7549312346044039,2.5528841871062125,0.35890666005981287,0.2243890095410064,0.8790806129247168,0.22219436027017112,0.31059718969555034,0.7578317251270126,2.3885169883979587,3627454.5,6.0917285976549994e-21,6004,-1,-0.0062237037040014905,0.0
Hybrid-GraphReg,500,0.6,200,0.05,8.652456760406494,2,0.35897564934804194,0.22459444630030803,0.878580946035976,0.2218387995652132,0.3255269320843091,0.7627367726072305,2.4022592866848025,0.36205276799028113,0.200479255346413,0.9397068620919387,0.3295683489716294,0.42213114754098363,0.758637110627127,2.5660831857820825,0.35897564934804194,0.22459444630030803,0.878580946035976,0.2218387995652132,0.3255269320843091,0.7627367726072305,2.4022592866848025,3800779.0,9.944778530266622e-20,6004,-1,-0.006154714415772348,0.0
Hybrid-GraphReg,500,0.6,200,0.1,8.775886535644531,2,0.35928783854546065,0.2247119664250456,0.8794137241838774,0.2223663325563301,0.3439695550351288,0.767716529405928,2.4207891891836457,0.3625877378349252,0.2006598204091917,0.9408727514990006,0.3306798800615711,0.45286885245901637,0.767677925985133,2.5856751834109617,0.35928783854546065,0.2247119664250456,0.8794137241838774,0.2223663325563301,0.3439695550351288,0.767716529405928,2.4207891891836457,4056160.0,1.8023098567138912e-17,6004,-1,-0.005842525218353684,0.0
Hybrid-GraphReg,500,0.6,200,0.3,8.626365900039673,2,0.35548354438771834,0.22141597146267147,0.8794137241838774,0.22082557982410853,0.43823185011709603,0.7842832678459295,2.5296208880942657,0.3597849348662263,0.1982077291722055,0.941705529646902,0.33030012526897917,0.5570843091334895,0.7815362012993263,2.686513830390903,0.35548354438771834,0.22141597146267147,0.8794137241838774,0.22082557982410853,0.43823185011709603,0.7842832678459295,2.5296208880942657,4428407.5,6.197718703776642e-25,6004,-1,-0.009646819376096032,0.0
Hybrid-GraphReg,500,0.6,200,0.5,8.740145206451416,2,0.34683462675101906,0.21348286566304417,0.8777481678880746,0.21677462770672076,0.5166861826697893,0.7813223290233329,2.6730127432782593,0.3525362759495307,0.19222716355690145,0.9378747501665556,0.32535756233820284,0.647248243559719,0.7798664376018278,2.817204405025936,0.34683462675101906,0.21348286566304417,0.8777481678880746,0.21677462770672076,0.5166861826697893,0.7813223290233329,2.6730127432782593,4476376.0,1.3264792120166503e-47,6004,-1,-0.01829573701279525,0.0
Hybrid-GraphReg,500,0.6,200,1.0,8.735324382781982,2,0.3161420470406281,0.18919648779330617,0.8529313790806129,0.20076312183496894,0.6665690866510539,0.7488516073459444,3.0908411536049485,0.32419837255837536,0.17060820097772758,0.9250499666888741,0.30516959377446096,0.7988875878220141,0.7489220085107546,3.180469595209649,0.3161420470406281,0.18919648779330617,0.8529313790806129,0.20076312183496894,0.6665690866510539,0.7488516073459444,3.0908411536049485,3857135.5,1.8697287760952158e-149,6004,-1,-0.048988316723186244,-0.021424442270190733
Hybrid-GraphReg,200,0.6,200,0.01,8.64797306060791,3,0.3425728242978319,0.21094000016006303,0.8677864626642275,0.21283357041458317,0.3559718969555035,0.7510953788720929,2.4735277434512417,0.3440992017520824,0.18725297664342141,0.9203392649259937,0.31371761379405877,0.4511124121779859,0.7453828839159109,2.6362278642239283,0.3425728242978319,0.21094000016006303,0.8677864626642275,0.21283357041458317,0.3559718969555035,0.7510953788720929,2.4735277434512417,4191153.5,1.9771416962063118e-57,6013,-1,-0.01941710422047631,0.0
Hybrid-GraphReg,200,0.6,200,0.05,8.827497959136963,3,0.34204795806530747,0.21055514992459648,0.8682853816730417,0.21256533228260996,0.37763466042154564,0.7564808805727126,2.4953391813529366,0.34405592307272437,0.18723605314304656,0.9208381839348079,0.3136831626179574,0.48975409836065575,0.7568728802279263,2.6591055422681227,0.34204795806530747,0.21055514992459648,0.8682853816730417,0.21256533228260996,0.37763466042154564,0.7564808805727126,2.4953391813529366,4224667.5,1.825417295050587e-59,6013,-1,-0.01994197045300076,0.0
Hybrid-GraphReg,200,0.6,200,0.1,8.643723964691162,3,0.3401462725011423,0.20905386661289052,0.8656244802926991,0.21138901747282107,0.422423887587822,0.76835244588446,2.5355105696504663,0.3428984205820959,0.1861622433745109,0.9211707966073508,0.31339813559565105,0.5488875878220141,0.7715478507677809,2.6956080864385643,0.3401462725011423,0.20905386661289052,0.8656244802926991,0.21138901747282107,0.422423887587822,0.76835244588446,2.5355105696504663,4199504.5,5.5569033332695386e-67,6013,-1,-0.02184365601716596,0.0
Hybrid-GraphReg,200,0.6,200,0.3,8.815851926803589,3,0.3247829270270173,0.19643826372749026,0.8578080824879428,0.20268267889701316,0.5892857142857143,0.7759661980925745,2.8018352354946257,0.32932853257622574,0.1754860719175192,0.916015300182937,0.3044453954748632,0.7227751756440282,0.7743011984900812,2.9329374781830935,0.3247829270270173,0.19643826372749026,0.8578080824879428,0.20268267889701316,0.5892857142857143,0.7759661980925745,2.8018352354946257,3853981.5,9.200386572173476e-119,6013,-1,-0.037207001491290956,-0.010862081462402612
Hybrid-GraphReg,200,0.6,200,0.5,8.790333032608032,3,0.2998967888222959,0.1767658493416276,0.8355230334275736,0.19052490943997005,0.7008196721311475,0.7507641546907349,3.1399544397944967,0.30699002011847465,0.15919130332288692,0.9060369200066523,0.2879382481636379,0.8299180327868853,0.7485643891497875,3.2236866062813867,0.2998967888222959,0.1767658493416276,0.8355230334275736,0.19052490943997005,0.7008196721311475,0.7507641546907349,3.1399544397944967,3228408.5,1.2448131615208784e-214,6013,-1,-0.062093139696012316,-0.0349468915343453
Hybrid-GraphReg,200,0.6,200,1.0,8.773468494415283,3,0.2349275905128092,0.12907643209700556,0.758190587061367,0.15471834915411448,0.8460187353629977,0.6730642546685182,3.945949431320228,0.2473215708575111,0.11848378470457956,0.8617994345584566,0.2410905076254083,0.936768149882904,0.6633921763262931,3.9075529615284936,0.2349275905128092,0.12907643209700556,0.758190587061367,0.15471834915411448,0.8460187353629977,0.6730642546685182,3.945949431320228,1891918.0,0.0,6013,-1,-0.12706233800549907,-0.09872106453213353
Hybrid-GraphReg,500,0.6,200,0.01,8.72560429573059,3,0.3569940527401134,0.22506829370327508,0.8726093464160984,0.2188508207634335,0.3123536299765808,0.7591840920741704,2.3888438657141093,0.35813357732789963,0.19948010976014835,0.9248295360053218,0.32355386304859757,0.40837236533957844,0.7550998642725708,2.5544756467600154,0.3569940527401134,0.22506829370327508,0.8726093464160984,0.2188508207634335,0.3123536299765808,0.7591840920741704,2.3888438657141093,3718179.0,1.7771819733039233e-11,6013,-1,-0.004995875778194899,0.0
Hybrid-GraphReg,500,0.6,200,0.05,8.842292308807373,3,0.3572814911105151,0.22542808090030178,0.873607184433727,0.21911943661422414,0.3252341920374707,0.7620694914992914,2.4041476797309524,0.35842681169487733,0.19966251232819276,0.9246632296690503,0.3241588539875653,0.4230093676814988,0.7576472659871316,2.568732760372986,0.3572814911105151,0.22542808090030178,0.873607184433727,0.21911943661422414,0.3252341920374707,0.7620694914992914,2.4041476797309524,3882680.5,1.5632900120695407e-09,6013,-1,-0.00470843740779321,0.0
Hybrid-GraphReg,500,0.6,200,0.1,8.795536041259766,3,0.3571463937575268,0.2253111980605388,0.873607184433727,0.21922722886609083,0.34045667447306793,0.7652611946114458,2.422365336302648,0.35865519820563163,0.19979815596898073,0.9263262930317645,0.32453848326912765,0.452576112412178,0.7661016267255358,2.5880656379056033,0.3571463937575268,0.2253111980605388,0.873607184433727,0.21922722886609083,0.34045667447306793,0.7652611946114458,2.422365336302648,4000606.5,7.318961046660649e-10,6013,-1,-0.004843534760781484,0.0
Hybrid-GraphReg,500,0.6,200,0.3,8.850625276565552,3,0.35304868469510337,0.22177943228279604,0.8726093464160984,0.2172620198359178,0.43559718969555034,0.7833049003145514,2.530736720751154,0.35535538587768656,0.1969976117547976,0.9254947613504074,0.32316283538831253,0.5673302107728337,0.784019582957256,2.6916636189116443,0.35304868469510337,0.22177943228279604,0.8726093464160984,0.2172620198359178,0.43559718969555034,0.7833049003145514,2.530736720751154,4358662.5,4.901800820342704e-19,6013,-1,-0.00894124382320488,0.0
Hybrid-GraphReg,500,0.6,200,0.5,8.738898515701294,3,0.3450191678633852,0.214855378774937,0.866788624646599,0.21302874031883928,0.5166861826697893,0.7814022969119316,2.6752850800698194,0.34865143340077914,0.19134159061307052,0.9239980043239647,0.319210505445858,0.6492974238875878,0.7800635743085653,2.8228646204586356,0.3450191678633852,0.214855378774937,0.866788624646599,0.21302874031883928,0.5166861826697893,0.7814022969119316,2.6752850800698194,4396180.0,2.1843039788073942e-40,6013,-1,-0.016970760654923023,0.0
Hybrid-GraphReg,500,0.6,200,1.0,8.759384393692017,3,0.31395695493845255,0.18897300665158298,0.8464992516214868,0.19708471520281665,0.6586651053864169,0.7485468004508748,3.0901940785318165,0.321088903179989,0.16990930122319717,0.9125228671212373,0.2999219909291831,0.7860070257611241,0.7468199286400261,3.181932256674525,0.31395695493845255,0.18897300665158298,0.8464992516214868,0.19708471520281665,0.6586651053864169,0.7485468004508748,3.0901940785318165,3765065.5,3.1527385093582757e-145,6013,-1,-0.04803297357985576,-0.017107918043312215
Hybrid-GraphReg,200,0.6,200,0.01,8.733471632003784,4,0.3446967426772444,0.21176016588077246,0.8684648684648685,0.21642994586019612,0.3594847775175644,0.7514587475499528,2.474384109429656,0.34834491110473703,0.19024395614166076,0.9274059274059274,0.31786090251472005,0.44642857142857145,0.7436691505216095,2.633871322090708,0.3446967426772444,0.21176016588077246,0.8684648684648685,0.21642994586019612,0.3594847775175644,0.7514587475499528,2.474384109429656,4032624.0,1.4722359574181353e-79,6006,-1,-0.02238567965495679,0.0
Hybrid-GraphReg,200,0.6,200,0.05,8.747445344924927,4,0.34496595852780065,0.21214791237254388,0.8682983682983683,0.21660338259556774,0.38114754098360654,0.7574478772635456,2.494898258783225,0.34812812183171704,0.1902685942080198,0.9275724275724275,0.31739201259550126,0.4894613583138173,0.7576880256904179,2.6560472474146706,0.34496595852780065,0.21214791237254388,0.8682983682983683,0.21660338259556774,0.38114754098360654,0.7574478772635456,2.494898258783225,4113822.5,4.634593343862997e-76,6006,-1,-0.022116463804400594,-0.0004800379997656756
Hybrid-GraphReg,200,0.6,200,0.1,8.644922733306885,4,0.3444022624570498,0.21162900483974745,0.8696303696303697,0.21642808482649656,0.422423887587822,0.7688275919045151,2.5310309718518953,0.3465893669852932,0.1893142449627248,0.9270729270729271,0.31562942146112516,0.5406908665105387,0.7687237325028338,2.693534342604268,0.3444022624570498,0.21162900483974745,0.8696303696303697,0.21642808482649656,0.422423887587822,0.7688275919045151,2.5310309718518953,4171241.0,1.3151898195323416e-74,6006,-1,-0.02268015987515138,-0.0006781996860316941
Hybrid-GraphReg,200,0.6,200,0.3,8.686935663223267,4,0.32840640419382294,0.198916462988175,0.8566433566433567,0.2076127722025903,0.5942622950819673,0.7774899976870422,2.8015580086228487,0.3325055539161163,0.17845467521935324,0.9195804195804196,0.3064757774875852,0.7303864168618267,0.7760461982906872,2.9333834606523244,0.32840640419382294,0.198916462988175,0.8566433566433567,0.2076127722025903,0.5942622950819673,0.7774899976870422,2.8015580086228487,3780359.5,6.474803386881931e-135,6006,-1,-0.03867601813837824,-0.013256028020143362
Hybrid-GraphReg,200,0.6,200,0.5,8.63339352607727,4,0.30403338777422434,0.1801157210503866,0.8348318348318349,0.19385100090561133,0.7134074941451991,0.7518261385721376,3.1533015345948776,0.31063034307445475,0.16259529670589354,0.9054279054279054,0.29033985603657453,0.8407494145199064,0.7495607050795072,3.2326607859340615,0.30403338777422434,0.1801157210503866,0.8348318348318349,0.19385100090561133,0.7134074941451991,0.7518261385721376,3.1533015345948776,3132473.0,4.7884996295638235e-229,6006,-1,-0.06304903455797685,-0.036583151954473536
Hybrid-GraphReg,200,0.6,200,1.0,8.759720802307129,4,0.23545660651257586,0.12968044241074286,0.7564102564102564,0.1562791253826423,0.8427985948477752,0.6684628558890455,3.9672132313121753,0.24830664552395215,0.11935575184658916,0.8566433566433567,0.24415645753071238,0.9423302107728337,0.6622086725535001,3.9285808723219344,0.23545660651257586,0.12968044241074286,0.7564102564102564,0.1562791253826423,0.8427985948477752,0.6684628558890455,3.9672132313121753,1801927.0,0.0,6006,-1,-0.13162581581962535,-0.10699313236726381
Hybrid-GraphReg,500,0.6,200,0.01,8.792367219924927,4,0.3602095002423975,0.22631637080900122,0.8744588744588745,0.22267555159387778,0.3135245901639344,0.7592055936593751,2.386493264819878,0.3624278463795035,0.20255982169300543,0.9299034299034299,0.32701149488079295,0.40193208430913346,0.7511182796324822,2.5537488194519713,0.3602095002423975,0.22631637080900122,0.8744588744588745,0.22267555159387778,0.3135245901639344,0.7592055936593751,2.386493264819878,3575468.5,2.7952514114660883e-23,6006,-1,-0.006872922089803697,0.0
Hybrid-GraphReg,500,0.6,200,0.05,8.713488578796387,4,0.3607598478174297,0.22680391425572827,0.8747918747918748,0.22355465698648483,0.3252341920374707,0.7624378022217806,2.3990056590143922,0.36304118292831467,0.20307956545523517,0.9300699300699301,0.32768267476433216,0.41920374707259955,0.756200166221116,2.566614672211018,0.3607598478174297,0.22680391425572827,0.8747918747918748,0.22355465698648483,0.3252341920374707,0.7624378022217806,2.3990056590143922,3805489.5,2.109602397789507e-19,6006,-1,-0.006322574514771426,0.0
Hybrid-GraphReg,500,0.6,200,0.1,8.72519588470459,4,0.36073881989901624,0.22689870445964552,0.8746253746253746,0.22361185059265956,0.34455503512880564,0.7677025608206576,2.4183037418933147,0.36281829565970275,0.20298320897661973,0.9307359307359307,0.32750604007454925,0.4519906323185012,0.7667361675457531,2.585632123158224,0.36073881989901624,0.22689870445964552,0.8746253746253746,0.22361185059265956,0.34455503512880564,0.7677025608206576,2.4183037418933147,3911225.0,9.101484267047761e-20,6006,-1,-0.00634360243318491,0.0
Hybrid-GraphReg,500,0.6,200,0.3,8.83232855796814,4,0.3569719260863893,0.22363809599424675,0.8726273726273727,0.22256605062889245,0.4309133489461358,0.7815706711766495,2.5253162968102756,0.3597651528163713,0.2002999209602414,0.9309024309024309,0.3266251850650215,0.5658665105386417,0.7842423484430727,2.68933146107059,0.3569719260863893,0.22363809599424675,0.8726273726273727,0.22256605062889245,0.4309133489461358,0.7815706711766495,2.5253162968102756,4329953.0,1.621278387532799e-27,6006,-1,-0.010110496245811921,0.0
Hybrid-GraphReg,500,0.6,200,0.5,8.952055215835571,4,0.3498135651239116,0.2176085935616831,0.8687978687978688,0.2185893795152607,0.5207845433255269,0.7826319080956519,2.674994154486348,0.3530722793057005,0.19497911804702495,0.9280719280719281,0.32228674676683716,0.6563231850117096,0.7823473953937825,2.8212241878931676,0.3498135651239116,0.2176085935616831,0.8687978687978688,0.2185893795152607,0.5207845433255269,0.7826319080956519,2.674994154486348,4447562.0,3.132337860594682e-44,6006,-1,-0.017268857208289568,0.0
Hybrid-GraphReg,500,0.6,200,1.0,8.701472282409668,4,0.31782440153750124,0.19212477091020175,0.8438228438228438,0.20142843348053502,0.6668618266978923,0.7483952102916107,3.100375013907035,0.3239126723020653,0.17268905511969843,0.9117549117549117,0.30179071928968454,0.7985948477751756,0.7481120602271627,3.191648915837137,0.31782440153750124,0.19212477091020175,0.8438228438228438,0.20142843348053502,0.6668618266978923,0.7483952102916107,3.100375013907035,3697030.5,1.958849000222196e-155,6006,-1,-0.04925802079469996,-0.019829128504300665
