dataset,model,w_source,gamma,normalise,NDCG@10_mean,NDCG@10_std,NDCG@10_count,MAP@10_mean,MAP@10_std,MAP@10_count,HitRate@10_mean,HitRate@10_std,HitRate@10_count,Recall@10_mean,Recall@10_std,Recall@10_count,Coverage@10_mean,Coverage@10_std,Coverage@10_count,Gini@10_mean,Gini@10_std,Gini@10_count,Novelty@10_mean,Novelty@10_std,Novelty@10_count,NDCG@20_mean,NDCG@20_std,NDCG@20_count,MAP@20_mean,MAP@20_std,MAP@20_count,HitRate@20_mean,HitRate@20_std,HitRate@20_count,Recall@20_mean,Recall@20_std,Recall@20_count,Coverage@20_mean,Coverage@20_std,Coverage@20_count,Gini@20_mean,Gini@20_std,Gini@20_count,Novelty@20_mean,Novelty@20_std,Novelty@20_count
ml-1m,EASE,,0.0,,0.3603703925299798,0.0025525765180416013,5,0.22665307731728462,0.0020495652277835842,5,0.8776849569462767,0.005220623753779892,5,0.22233609029995124,0.0022356066082815547,5,0.3100702576112412,0.0018790171587682928,5,0.7587277347955784,0.0016148456014131228,5,2.385208158669514,0.0016143006190546159,5,0.36221140741312974,0.0027321023063977146,5,0.20180867291377852,0.0019402606325770399,5,0.9332843525834955,0.005798369801854602,5,0.3277578853329016,0.0030004655386439115,5,0.3997072599531616,0.0022447645799392024,5,0.7512481236122811,0.001710510656808872,5,2.5519102378522995,0.002321282090163353,5
ml-1m,GS-EASE,binary,1.0,sym,0.10391468812692098,0.0016448995672036187,5,0.05208763346765075,0.0009458874533977722,5,0.44625205512870564,0.005818951468614755,5,0.05239053297577778,0.0013237699269094314,5,0.32049180327868854,0.001832842604508027,5,0.5928086719926443,0.0025384470628019742,5,3.020133079372804,0.0015285822477306735,5,0.10696163070857219,0.001546293631174076,5,0.04427027808334705,0.0007440208551177216,5,0.582318733807542,0.008333958966062018,5,0.0891344164462122,0.0018451456486359543,5,0.38307962529274003,0.003875904752380247,5,0.6238850258285851,0.0033875440675413425,5,3.0411460240641657,0.0018873802084387388,5
ml-1m,GS-EASE,binary,3.0,sym,0.10183690537160783,0.0016190046453499456,5,0.051531000447389855,0.0008011269809849119,5,0.4302055366083321,0.006489349791055704,5,0.04785160494038289,0.0013423642235781766,5,0.313231850117096,0.0032068065427703065,5,0.5922227630372888,0.003895700164983889,5,3.0504403288010566,0.0015103291675449165,5,0.10195691351827355,0.0013781518778589158,5,0.042652844127907,0.0005483216688041025,5,0.5496578399534661,0.005819247662319352,5,0.07926245237482882,0.001822559341535332,5,0.37453161592505857,0.0015573110161909247,5,0.6196569171133948,0.0014378861512342176,5,3.078911800698767,0.0021670468479588556,5
ml-1m,GS-EASE,binary,10.0,sym,0.12628664441484147,0.0019297989285214374,5,0.06517031197040532,0.0009765672211087815,5,0.5015170657006813,0.005093674514814114,5,0.061141242956026944,0.0013206067256467465,5,0.3061475409836065,0.00151264762093253,5,0.5930365634587176,0.0026285949844192954,5,3.1073172064257415,0.0016582889438264594,5,0.12444630520844242,0.0018388537790525188,5,0.05364898802102055,0.0008317560302455238,5,0.6130464741817393,0.007289539871240379,5,0.09680587157516156,0.0018829500702236348,5,0.3779274004683841,0.0032134804449795358,5,0.6203375836704292,0.003128011982737475,5,3.1397299235794938,0.001655491557724552,5
ml-1m,GS-EASE,itemknn,1.0,sym,0.2772393181198476,0.0021012395379424276,5,0.15903620241681665,0.0018182019889267384,5,0.8143981113886344,0.0056799708289926336,5,0.17220552691311755,0.001756802637447871,5,0.5155737704918033,0.002011190168304165,5,0.6885564425754026,0.0017305497099302225,5,2.9013248240471268,0.0037969055065379493,5,0.28393543568617635,0.0018368492997325315,5,0.1413920264569457,0.0016594924319837917,5,0.8975945406653569,0.00413105715006835,5,0.26557379209349913,0.0019212463848715762,5,0.6036299765807962,0.003206806542770288,5,0.6989616263212277,0.002174163144559325,5,2.989646370872782,0.0037370938967471986,5
ml-1m,GS-EASE,itemknn,3.0,sym,0.21571251531665014,0.0013607289198283633,5,0.11626146799072481,0.0009247124197557653,5,0.7265723620301766,0.005609107670080778,5,0.12862285521673375,0.0006615337007271331,5,0.5509953161592506,0.004625848542184584,5,0.6402956209337791,0.003738744575406329,5,3.1527563420785913,0.004177702762861914,5,0.2228825025684728,0.0012616010792751054,5,0.10197512075280177,0.0010283586845952091,5,0.8357702150435863,0.0035011930223903063,5,0.20733833853720887,0.0009542232507922224,5,0.6387587822014051,0.002100805048947217,5,0.6595260464374173,0.0019997330427359568,5,3.20450910605365,0.003899293978797597,5
ml-1m,GS-EASE,itemknn,10.0,sym,0.20993284974101334,0.001424367468128911,5,0.1128504521925914,0.0008014629278720531,5,0.7152866079699909,0.005259304655433542,5,0.12363209771689591,0.001025960613949294,5,0.5171545667447306,0.0047139329006098294,5,0.6286127058683368,0.0035928222920112453,5,3.1936629076160137,0.0027702080041460166,5,0.21673821527730905,0.0014181940992286516,5,0.09864694094496898,0.0008971201832267083,5,0.8261156861437502,0.0031946903411723365,5,0.2003425515514794,0.0006233744016071844,5,0.6043325526932084,0.0017878725391806195,5,0.6487503009362247,0.0019658667384438635,5,3.238608208223442,0.004203836213290807,5
ml-1m,GS-EASE,p3alpha,1.0,sym,0.3645807636712618,0.0025437328263142292,5,0.23098566031672757,0.0018102943976949677,5,0.8786177236011149,0.005573220074137816,5,0.22366177055590092,0.0026456954178804702,5,0.2920374707259953,0.0013824026877186976,5,0.7609717507222676,0.0008760646036245944,5,2.351331090096917,0.002869935476148526,5,0.36594480588743156,0.0026995828464990747,5,0.20528899397277062,0.001835252209541307,5,0.9336172531991723,0.005464019983947337,5,0.3299949380780528,0.0031046112069720096,5,0.37956674473067914,0.002186750514869226,5,0.7530914438181419,0.001324153258356643,5,2.519151833614983,0.0020337903248292444,5
ml-1m,GS-EASE,p3alpha,3.0,sym,0.36691375297477513,0.002713297942868683,5,0.23370635411782298,0.0017500126335626203,5,0.8773530478255648,0.005745005416128587,5,0.22358844011970908,0.0027009198557672635,5,0.26692037470726,0.0006989072825710351,5,0.7634222951819221,0.0012657219600389037,5,2.304243171736365,0.0031944142188054868,5,0.36745217064789737,0.00280924158875403,5,0.2071133196634352,0.0018764101307377826,5,0.9334172313647224,0.0049154509916407565,5,0.3298563325666642,0.0032932708889701384,5,0.3497658079625293,0.003209477769008351,5,0.7537965777984758,0.0019269908907660269,5,2.473773301690513,0.0014157944417050924,5
ml-1m,GS-EASE,p3alpha,10.0,sym,0.36458762345811174,0.003095810041916004,5,0.23310823752819188,0.0018094967280748557,5,0.8727586843272468,0.005771462192106717,5,0.2195974963562189,0.0031748953042444873,5,0.22775175644028103,0.0007463436056195535,5,0.7703641070990304,0.001228707369560218,5,2.2200352485061425,0.0027862860780298016,5,0.3634121896855964,0.0031100321311040373,5,0.2049914877856734,0.002006058447733203,5,0.9298212652983227,0.00402565911979022,5,0.3233169676237295,0.003277375259172383,5,0.2933255269320843,0.0028154836155842296,5,0.7517554634610095,0.002078866559995848,5,2.3886107711706117,0.001296847688697012,5
ml-1m,GS-EASE,rp3beta,1.0,sym,0.3645610351227468,0.0028142522237269755,5,0.23096547824732577,0.002018638578555632,5,0.8784512676888582,0.005590212465667139,5,0.22361416680641466,0.0028562600513281976,5,0.2950234192037471,0.0015407139773935309,5,0.7635110973725656,0.0010125538250154355,5,2.350656350825029,0.0029599179405399036,5,0.36597919726541356,0.0027632197567758056,5,0.20532025861657516,0.0019165778032168774,5,0.9333508141667263,0.005582748493003642,5,0.32996860197249656,0.003113912647934626,5,0.38231850117096017,0.002422854999597025,5,0.7546719819920809,0.0013883631418355174,5,2.5188933730945764,0.002042862259295554,5
ml-1m,GS-EASE,rp3beta,3.0,sym,0.3665106121983434,0.0027307811014253476,5,0.2333589901004487,0.001771177890142222,5,0.8771534082500546,0.00556097608593169,5,0.22335758649213844,0.0027085822550783935,5,0.27242388758782204,0.00026183465778685484,5,0.7688700696154992,0.0007785452202258427,5,2.301374615271881,0.003172392472575769,5,0.3669136558943427,0.002767544635123209,5,0.2066985244095137,0.0018970388566257501,5,0.9327844975113126,0.004518786824187107,5,0.32924335316076886,0.0032098357649429695,5,0.3576112412177986,0.0027894916275343386,5,0.7593298796831508,0.0015091489265399401,5,2.4716161578846494,0.0016537171129050695,5
ml-1m,GS-EASE,rp3beta,10.0,sym,0.36262140584710684,0.00321264275564547,5,0.23139150972801156,0.0018852538215269933,5,0.8713933328634571,0.005759832178974345,5,0.21825717808738138,0.0029250885583921205,5,0.23548009367681502,0.0012692905965268632,5,0.7826190576549694,0.0014679247075723098,5,2.206968847273258,0.0025517845634431035,5,0.361129671696097,0.003296503405460518,5,0.2032166660953508,0.002013839790294831,5,0.9280567675422506,0.004309798669577919,5,0.32092860041579224,0.003568162781789917,5,0.3057962529274004,0.0023655859310113382,5,0.7653289881107923,0.0013853089533713465,5,2.3766741515149965,0.0016097599885098594,5
ml-1m,Lap-EASE,binary,1.0,sym,0.3645859352930457,0.002656277984323323,5,0.23095955671103638,0.0018206514366839364,5,0.8785842739992148,0.005421793432817125,5,0.2236266795426173,0.0028091673108455056,5,0.2909836065573771,0.0013254369347390923,5,0.7626690128001146,0.001056213091872049,5,2.3453369983135715,0.0030246889806990777,5,0.3657902214372998,0.0026995365833019772,5,0.2052010238790592,0.0017891233882027745,5,0.9332842472543683,0.005360192514480298,5,0.3296159844095929,0.0030366285330156602,5,0.3786299765807962,0.002215947408404643,5,0.7544549475876565,0.0014354880128070679,5,2.513893534469384,0.002050587998591834,5
ml-1m,Lap-EASE,binary,3.0,sym,0.366623606797307,0.002806978609801225,5,0.23353070224532463,0.0017946131044598234,5,0.8768870079984247,0.005753372807004553,5,0.2232556141213889,0.002743957119469656,5,0.2647540983606557,0.0007633726469792397,5,0.7677222301249962,0.0012351776344183521,5,2.289483918529977,0.0031259014876946416,5,0.3668119780496455,0.002758980654492671,5,0.2067216456914734,0.0018711178438870109,5,0.932617914223073,0.004569967646703846,5,0.32885701881099616,0.0032986022461999652,5,0.34853629976580797,0.004199569986049016,5,0.7582687857776313,0.002529334868491405,5,2.459424811152693,0.0015119640516476182,5
ml-1m,Lap-EASE,binary,10.0,sym,0.3627314342956601,0.003462361502995927,5,0.23173767052456307,0.0019559264074094523,5,0.8698621072455215,0.0057161648550009,5,0.21789132450099938,0.0033012928653540865,5,0.2230679156908665,0.001642999437986212,5,0.7822358628834198,0.0019501221190614865,5,2.1813955172322643,0.002817702147232891,5,0.3610932814914878,0.0033417792275857996,5,0.20335611123229919,0.0020414490576065297,5,0.9273907613437409,0.004014007287387278,5,0.32057924277594824,0.003410904835156464,5,0.29145199063231847,0.002812438202453261,5,0.7655855757438909,0.0021075128330270577,5,2.349346259257315,0.0014384975620591455,5
ml-1m,Lap-EASE,itemknn,1.0,sym,0.3646201817115998,0.002817138731166404,5,0.23101846337994295,0.001961460879659322,5,0.8783846676296434,0.005698921798890156,5,0.2236194954584012,0.002832642605479619,5,0.29443793911007027,0.0013636785361653434,5,0.7634963255740617,0.0009507106826786751,5,2.349533074071617,0.0029253159353647383,5,0.3659585299965561,0.002781127757957513,5,0.2052725635252778,0.0019021922030605517,5,0.9337836481601511,0.005456535661018038,5,0.32998982972101926,0.0030432865557028814,5,0.3820257611241218,0.0023143132758843676,5,0.7549455658987204,0.0014616730660711153,5,2.5177102664789275,0.0022286301134971822,5
ml-1m,Lap-EASE,itemknn,3.0,sym,0.3663921499591143,0.00266816017397924,5,0.2332554071852877,0.0016838488242866718,5,0.8768535084364126,0.005562862962335924,5,0.22313610455495558,0.0026172142559373777,5,0.27137002341920374,0.000717063742032538,5,0.7688546874320027,0.0011164678290127726,5,2.2990460457857664,0.0030177084880276877,5,0.36685330576776165,0.002780786670416768,5,0.20665326111636548,0.0019495066630824242,5,0.9325178700353852,0.004134190266535983,5,0.32909900277167276,0.0031788010729594607,5,0.35632318501170956,0.0034226807735512972,5,0.7594881372816396,0.0018616581301789006,5,2.468814248607987,0.001760325883329897,5
ml-1m,Lap-EASE,itemknn,10.0,sym,0.362285654093748,0.0032472330646756884,5,0.23117852830502028,0.0019053651391927053,5,0.8706941926003164,0.00595993137120212,5,0.21788215126889132,0.0031528420634529502,5,0.23407494145199065,0.0016246413261723199,5,0.7833043300607482,0.0022540526341011916,5,2.2013815740664917,0.00294228642626654,5,0.3608833248734255,0.003249723104383474,5,0.2030305352774892,0.0020841533876000467,5,0.9279236617174709,0.004466326058884167,5,0.3205750134813505,0.003486906927104853,5,0.30462529274004685,0.002428154725214005,5,0.7668475191288231,0.0014813531533169047,5,2.3696684660965657,0.0019409880618856796,5
ml-1m,Lap-EASE,p3alpha,1.0,sym,0.3645649767456035,0.0027234954683876896,5,0.23097652050931922,0.001875755661030843,5,0.8784179787481742,0.005636077787469437,5,0.22352666240012692,0.0028704754345023177,5,0.2913934426229508,0.0016508047049030152,5,0.7622105316331066,0.0011575666628917125,5,2.3474648804008402,0.0030788066055309035,5,0.3658807673586285,0.0026899894562389397,5,0.20525341728074187,0.0017995780536504723,5,0.9333175805655165,0.005541694393576168,5,0.32980345080001244,0.003103559840809647,5,0.3797423887587822,0.001935186637123934,5,0.7544255924035227,0.0013378220981456847,5,2.51599949264805,0.0020193374569124857,5
ml-1m,Lap-EASE,p3alpha,3.0,sym,0.36662731716486585,0.0028113966480741554,5,0.23349897163995642,0.0017791447999746532,5,0.8772867303079659,0.006016808820270651,5,0.22340115503997135,0.002775227725781306,5,0.2657494145199063,0.0007289168382897233,5,0.76679181071021,0.0012727049013431886,5,2.2943033309643637,0.003200136507436028,5,0.36689292350117564,0.002702010841962569,5,0.20675176987881372,0.0018033108552927086,5,0.9327512029883659,0.004749843256630678,5,0.3290850203813036,0.003185644423748037,5,0.35011709601873536,0.003737454723303181,5,0.7574668636596602,0.0022516416948199264,5,2.4646862989620475,0.0015941408208837483,5
ml-1m,Lap-EASE,p3alpha,10.0,sym,0.3629805882440116,0.0033681845107016704,5,0.23188747837929075,0.00192168447990575,5,0.8702948637216252,0.005669063211233786,5,0.21821977221024452,0.0032330476342489266,5,0.22476580796252926,0.001595366111643875,5,0.7803505190263303,0.0017055925707149188,5,2.191432147047189,0.002941138817740092,5,0.3613758353188586,0.0032865891211146946,5,0.20349744179673782,0.0020379491347491457,5,0.9277238282250522,0.004180031565335414,5,0.3209872759962977,0.0034847876914298652,5,0.2941451990632319,0.002417543655979234,5,0.7636921098439458,0.0018736229713005336,5,2.3607543532112043,0.0014588921598386831,5
ml-1m,Lap-EASE,rp3beta,1.0,sym,0.3645565796315921,0.0028151809263337615,5,0.23096459722738177,0.0020218115689976703,5,0.8784179565629421,0.005569856193432353,5,0.22358694111958463,0.0028442519952884184,5,0.2948477751756441,0.0014695433721324432,5,0.7634062684947371,0.0009856790012715048,5,2.3505847473761605,0.0029525552233409125,5,0.36597266776568343,0.002758210398625463,5,0.2053193990473065,0.0019235645467770666,5,0.9333175252186571,0.005551611519569879,5,0.3299262166565545,0.00304479102185213,5,0.3822599531615925,0.0023180132195350384,5,0.7546872011265648,0.0013351742675902815,5,2.518790555484366,0.0020433769625503926,5
ml-1m,Lap-EASE,rp3beta,3.0,sym,0.366499564460204,0.0027401764106703324,5,0.23334768751227913,0.0017671221526695973,5,0.8771866971981238,0.005604968911442402,5,0.22334727180775493,0.002730880086816702,5,0.27230679156908666,0.0004342036584950705,5,0.7688484710937612,0.0005930676676940622,5,2.3012014012314426,0.003213111216342108,5,0.36689459698550086,0.0027599047910542617,5,0.20668382484153686,0.0018952065240330136,5,0.9327179085299433,0.004515849228331258,5,0.32921748832043746,0.0031841753739771895,5,0.35743559718969553,0.0025936834231073424,5,0.7592994224454224,0.001465150834567708,5,2.4714336615800976,0.001597171232997729,5
ml-1m,Lap-EASE,rp3beta,10.0,sym,0.36255849452416966,0.0032149960471856923,5,0.23136382788917506,0.001886869185935299,5,0.8712268492777706,0.005790349168260802,5,0.21818897296567555,0.0029558862814039024,5,0.23495316159250587,0.0011450589704688485,5,0.7823782597877906,0.0015061228058865714,5,2.206530833374741,0.002586869162585047,5,0.36111167711855596,0.003292437184048824,5,0.20320682231928444,0.0020194084883031695,5,0.9280234785941814,0.004253438760660251,5,0.32094958858248107,0.0035335496189261733,5,0.30521077283372366,0.0024281547252140104,5,0.7651013187033822,0.0014275004398761604,5,2.376180149565885,0.0016383940922354463,5
