dataset,model,lambda,rp3_beta,graph_source,normalise,gamma,bucket,n_users,NDCG@10,Recall@10,HitRate@10,NDCG@20,Recall@20,HitRate@20
ml-1m,EASE,100,0.3,,,0.0,overall,5957,0.10692106992139593,0.08641180715099708,0.5019305019305019,0.12256389134469238,0.14512138342310452,0.6750041967433271
ml-1m,EASE,100,0.3,,,0.0,q1,5787,0.11612663786366764,0.11618284296277995,0.5009504060825989,0.13769168990871153,0.19011255956117817,0.6706410921029895
ml-1m,EASE,100,0.3,,,0.0,q2,4520,0.009755115005013802,0.018229681208522506,0.0413716814159292,0.016359766204214008,0.038871936695157115,0.09424778761061947
ml-1m,EASE,100,0.3,,,0.0,q3,3059,0.002633425252488418,0.005339435545385201,0.008172605426610004,0.004572662887245167,0.011888792445882321,0.01896044458973521
ml-1m,EASE,100,0.3,,,0.0,q4,1767,0.00016359073362642211,0.0005659309564233164,0.0005659309564233164,0.00016359073362642211,0.0005659309564233164,0.0005659309564233164
ml-1m,EASE,100,0.3,,,0.0,q5,775,0.0,0.0,0.0,0.0,0.0,0.0
ml-1m,EASE,500,0.3,,,0.0,overall,5957,0.11328379740943686,0.08900295108885321,0.5066308544569414,0.12998526618389683,0.1536942111527436,0.6822225952660735
ml-1m,EASE,500,0.3,,,0.0,q1,5787,0.12504748984501393,0.12342798033846346,0.5114912735441507,0.14918215057341186,0.2074152043009652,0.6860203905304993
ml-1m,EASE,500,0.3,,,0.0,q2,4520,0.006831619305343441,0.012777773380240713,0.028982300884955754,0.012396876454437745,0.030764446374546176,0.07079646017699115
ml-1m,EASE,500,0.3,,,0.0,q3,3059,0.0015441454207016118,0.003623188405797101,0.005884275907159202,0.0027273065340833384,0.0076659038901601825,0.011114743380189604
ml-1m,EASE,500,0.3,,,0.0,q4,1767,0.0,0.0,0.0,0.00022177074242557679,0.0008488964346349745,0.0011318619128466328
ml-1m,EASE,500,0.3,,,0.0,q5,775,0.0,0.0,0.0,0.0,0.0,0.0
ml-1m,Laplacian-EASE,100,0.3,rp3beta,none,0.1,overall,5957,0.10777440271605744,0.08632622614142245,0.49991606513345643,0.1236539755409019,0.14622569130380667,0.6724861507470203
ml-1m,Laplacian-EASE,100,0.3,rp3beta,none,0.1,q1,5787,0.11716216199302357,0.11657214043792562,0.49904959391740106,0.1390622621009704,0.19213852810696083,0.667530672196302
ml-1m,Laplacian-EASE,100,0.3,rp3beta,none,0.1,q2,4520,0.009709332316782874,0.01804544627111339,0.04115044247787611,0.016364451659823316,0.03895770350325233,0.09579646017699114
ml-1m,Laplacian-EASE,100,0.3,rp3beta,none,0.1,q3,3059,0.0022782323884099,0.004767353165522501,0.007518796992481203,0.004441374527741869,0.01210672859059192,0.01896044458973521
ml-1m,Laplacian-EASE,100,0.3,rp3beta,none,0.1,q4,1767,0.00016359073362642211,0.0005659309564233164,0.0005659309564233164,0.0002438787369461698,0.0008488964346349745,0.0011318619128466328
ml-1m,Laplacian-EASE,100,0.3,rp3beta,none,0.1,q5,775,0.0,0.0,0.0,0.0,0.0,0.0
ml-1m,Laplacian-EASE,100,0.3,rp3beta,none,0.3,overall,5957,0.10906252056511342,0.08737742690298583,0.4985731072687594,0.12481731783448533,0.1477831901577552,0.670639583683062
ml-1m,Laplacian-EASE,100,0.3,rp3beta,none,0.3,q1,5787,0.11878637188620476,0.1184762523942046,0.4987039917055469,0.14073834450681644,0.19505563007075377,0.6677034733022291
ml-1m,Laplacian-EASE,100,0.3,rp3beta,none,0.3,q2,4520,0.009406627479209376,0.017062596806797222,0.03982300884955752,0.015980395550687775,0.03767672975458891,0.09026548672566372
ml-1m,Laplacian-EASE,100,0.3,rp3beta,none,0.3,q3,3059,0.0021491964386478103,0.004440448948458102,0.007191892775416803,0.004189300704749604,0.01138753931305024,0.018306636155606407
ml-1m,Laplacian-EASE,100,0.3,rp3beta,none,0.3,q4,1767,0.00017036219335822366,0.0005659309564233164,0.0005659309564233164,0.0002506501966779713,0.0008488964346349745,0.0011318619128466328
ml-1m,Laplacian-EASE,100,0.3,rp3beta,none,0.3,q5,775,0.0,0.0,0.0,0.0,0.0,0.0
ml-1m,Laplacian-EASE,100,0.3,rp3beta,none,1.0,overall,5957,0.11171874743046058,0.0879203769000969,0.49790162833641094,0.12806312875429943,0.15196860573948232,0.6714789323484975
ml-1m,Laplacian-EASE,100,0.3,rp3beta,none,1.0,q1,5787,0.12221441890656028,0.12042213921455969,0.49991359944703645,0.14508750618951477,0.20122147837194002,0.6701226887852082
ml-1m,Laplacian-EASE,100,0.3,rp3beta,none,1.0,q2,4520,0.008728795048880888,0.01583956188914784,0.03761061946902655,0.01513730256290199,0.036320753721402685,0.08451327433628318
ml-1m,Laplacian-EASE,100,0.3,rp3beta,none,1.0,q3,3059,0.001714645199314303,0.003704914460063201,0.006211180124223602,0.0035193218838796823,0.009703606843194943,0.015691402419091206
ml-1m,Laplacian-EASE,100,0.3,rp3beta,none,1.0,q4,1767,0.0,0.0,0.0,0.00023954910018893666,0.0008488964346349745,0.0011318619128466328
ml-1m,Laplacian-EASE,100,0.3,rp3beta,none,1.0,q5,775,0.0,0.0,0.0,0.0,0.0,0.0
ml-1m,Laplacian-EASE,100,0.3,rp3beta,none,3.0,overall,5957,0.11482312578842045,0.08873507904193409,0.5009232835319792,0.1310554577085246,0.15273146770704923,0.6692966258183649
ml-1m,Laplacian-EASE,100,0.3,rp3beta,none,3.0,q1,5787,0.1268757470286464,0.1231753477740649,0.5059616381544841,0.15033864651957488,0.20623877326309747,0.6720235009504061
ml-1m,Laplacian-EASE,100,0.3,rp3beta,none,3.0,q2,4520,0.006412430424044978,0.01143832537122434,0.02743362831858407,0.012623614411725251,0.031357521606595135,0.06924778761061946
ml-1m,Laplacian-EASE,100,0.3,rp3beta,none,3.0,q3,3059,0.0013016375651497807,0.003187316116377901,0.005230467473030402,0.002412276516960974,0.006914024190912063,0.011114743380189604
ml-1m,Laplacian-EASE,100,0.3,rp3beta,none,3.0,q4,1767,0.0,0.0,0.0,0.00021123209678876813,0.0008488964346349745,0.0011318619128466328
ml-1m,Laplacian-EASE,100,0.3,rp3beta,none,3.0,q5,775,0.0,0.0,0.0,0.0,0.0,0.0
ml-1m,Laplacian-EASE,100,0.3,rp3beta,none,10.0,overall,5957,0.11861447873839188,0.08842558595938782,0.5041128084606346,0.1328696838332976,0.14989017615337058,0.6661071008897096
ml-1m,Laplacian-EASE,100,0.3,rp3beta,none,10.0,q1,5787,0.13214396090996636,0.12468980205120402,0.5137376879212027,0.15467918507013786,0.2067350503413983,0.6753067219630206
ml-1m,Laplacian-EASE,100,0.3,rp3beta,none,10.0,q2,4520,0.003920252884433126,0.006996298046395309,0.015486725663716814,0.007851881180500779,0.019833133085431217,0.04247787610619469
ml-1m,Laplacian-EASE,100,0.3,rp3beta,none,10.0,q3,3059,0.00047538544898047697,0.0011714067778141003,0.002288329519450801,0.0009599906965786703,0.002914895935490901,0.004249754821837201
ml-1m,Laplacian-EASE,100,0.3,rp3beta,none,10.0,q4,1767,0.0,0.0,0.0,0.0,0.0,0.0
ml-1m,Laplacian-EASE,100,0.3,rp3beta,none,10.0,q5,775,0.0,0.0,0.0,0.0,0.0,0.0
ml-1m,Laplacian-EASE,100,0.3,rp3beta,none,30.0,overall,5957,0.12047120469606451,0.08592758921268903,0.5059593755245929,0.1335344748287663,0.14529492934010108,0.6632533154272284
ml-1m,Laplacian-EASE,100,0.3,rp3beta,none,30.0,q1,5787,0.13434384028988874,0.12104269664869641,0.5184033177812338,0.15680565314155498,0.20360664183427407,0.678589942975635
ml-1m,Laplacian-EASE,100,0.3,rp3beta,none,30.0,q2,4520,0.0016777741541819423,0.0034112139090015196,0.007079646017699115,0.002996600449513819,0.007378282952819241,0.016150442477876108
ml-1m,Laplacian-EASE,100,0.3,rp3beta,none,30.0,q3,3059,0.00016214477952667834,0.0003541462351531001,0.0009807126511932004,0.0002582809944115493,0.0006810504522175002,0.0016345210853220007
ml-1m,Laplacian-EASE,100,0.3,rp3beta,none,30.0,q4,1767,0.0,0.0,0.0,0.0,0.0,0.0
ml-1m,Laplacian-EASE,100,0.3,rp3beta,none,30.0,q5,775,0.0,0.0,0.0,0.0,0.0,0.0
ml-1m,Laplacian-EASE,100,0.3,rp3beta,none,50.0,overall,5957,0.12035994126198032,0.0837258558104128,0.5057915057915058,0.13296192142019975,0.1425498220695494,0.6622460970287057
ml-1m,Laplacian-EASE,100,0.3,rp3beta,none,50.0,q1,5787,0.13414028081552928,0.11820511872338803,0.5194401244167963,0.15598339367009922,0.19956493924133592,0.6792811473993433
ml-1m,Laplacian-EASE,100,0.3,rp3beta,none,50.0,q2,4520,0.000659693720654503,0.0013426298382050593,0.0035398230088495575,0.001731185098385534,0.004738647537320104,0.009292035398230088
ml-1m,Laplacian-EASE,100,0.3,rp3beta,none,50.0,q3,3059,6.681346766540899e-05,0.00016345210853220007,0.00032690421706440013,0.00013901054242537923,0.0003541462351531001,0.0009807126511932004
ml-1m,Laplacian-EASE,100,0.3,rp3beta,none,50.0,q4,1767,0.0,0.0,0.0,0.0,0.0,0.0
ml-1m,Laplacian-EASE,100,0.3,rp3beta,none,50.0,q5,775,0.0,0.0,0.0,0.0,0.0,0.0
ml-1m,Laplacian-EASE,100,0.3,rp3beta,none,75.0,overall,5957,0.12011419207329471,0.08106429887302012,0.504616417659896,0.13168605902955396,0.13766756286149961,0.657210005036092
ml-1m,Laplacian-EASE,100,0.3,rp3beta,none,75.0,q1,5787,0.13328844905837475,0.11324966670874091,0.5187489199930879,0.15400965926885585,0.19215121500933777,0.6751339208570935
ml-1m,Laplacian-EASE,100,0.3,rp3beta,none,75.0,q2,4520,0.00029239820349309073,0.0005621480289621883,0.001991150442477876,0.0008575294995222039,0.0022391742966964205,0.005309734513274336
ml-1m,Laplacian-EASE,100,0.3,rp3beta,none,75.0,q3,3059,0.0,0.0,0.0,6.564165850914919e-05,0.00019069412662090006,0.0006538084341288003
ml-1m,Laplacian-EASE,100,0.3,rp3beta,none,75.0,q4,1767,0.0,0.0,0.0,0.0,0.0,0.0
ml-1m,Laplacian-EASE,100,0.3,rp3beta,none,75.0,q5,775,0.0,0.0,0.0,0.0,0.0,0.0
ml-1m,Laplacian-EASE,100,0.3,rp3beta,none,100.0,overall,5957,0.11929410438082351,0.0795560703013897,0.5041128084606346,0.12993525755687307,0.13378649412368845,0.6513345643780426
ml-1m,Laplacian-EASE,100,0.3,rp3beta,none,100.0,q1,5787,0.13190923202302854,0.11049799098385778,0.5185761188871609,0.15142267425345285,0.18612820029810853,0.6697770865733541
ml-1m,Laplacian-EASE,100,0.3,rp3beta,none,100.0,q2,4520,0.00018456894006786304,0.000357669616519174,0.001327433628318584,0.0005466838091036707,0.001521728026152805,0.003982300884955752
ml-1m,Laplacian-EASE,100,0.3,rp3beta,none,100.0,q3,3059,0.0,0.0,0.0,0.0,0.0,0.0
ml-1m,Laplacian-EASE,100,0.3,rp3beta,none,100.0,q4,1767,0.0,0.0,0.0,0.0,0.0,0.0
ml-1m,Laplacian-EASE,100,0.3,rp3beta,none,100.0,q5,775,0.0,0.0,0.0,0.0,0.0,0.0
ml-1m,Laplacian-EASE,100,0.3,rp3beta,none,200.0,overall,5957,0.11625201141901167,0.07200645248864557,0.4886687930166191,0.12430369237152245,0.12028750056714783,0.6268255833473225
ml-1m,Laplacian-EASE,100,0.3,rp3beta,none,200.0,q1,5787,0.12700673918807015,0.09836781781018529,0.5030240193537239,0.14306020938615122,0.16546861934395035,0.645239329531709
ml-1m,Laplacian-EASE,100,0.3,rp3beta,none,200.0,q2,4520,0.0,0.0,0.0,2.033162463908287e-05,5.5309734513274336e-05,0.00022123893805309734
ml-1m,Laplacian-EASE,100,0.3,rp3beta,none,200.0,q3,3059,0.0,0.0,0.0,0.0,0.0,0.0
ml-1m,Laplacian-EASE,100,0.3,rp3beta,none,200.0,q4,1767,0.0,0.0,0.0,0.0,0.0,0.0
ml-1m,Laplacian-EASE,100,0.3,rp3beta,none,200.0,q5,775,0.0,0.0,0.0,0.0,0.0,0.0
ml-1m,Laplacian-EASE,100,0.3,rp3beta,none,500.0,overall,5957,0.10844296538630657,0.06329080614003005,0.4529125398690616,0.11272856296244393,0.10315438441548805,0.5825079738123217
ml-1m,Laplacian-EASE,100,0.3,rp3beta,none,500.0,q1,5787,0.11672084309367464,0.08444004680373432,0.46621738379125627,0.12744143944179753,0.13858844045594448,0.5996198375669605
ml-1m,Laplacian-EASE,100,0.3,rp3beta,none,500.0,q2,4520,0.0,0.0,0.0,0.0,0.0,0.0
ml-1m,Laplacian-EASE,100,0.3,rp3beta,none,500.0,q3,3059,0.0,0.0,0.0,0.0,0.0,0.0
ml-1m,Laplacian-EASE,100,0.3,rp3beta,none,500.0,q4,1767,0.0,0.0,0.0,0.0,0.0,0.0
ml-1m,Laplacian-EASE,100,0.3,rp3beta,none,500.0,q5,775,0.0,0.0,0.0,0.0,0.0,0.0
ml-1m,Laplacian-EASE,100,0.3,rp3beta,none,1000.0,overall,5957,0.0996293489158849,0.05602547172753148,0.4268927312405573,0.10502586394813156,0.09732739712295166,0.5642101729058251
ml-1m,Laplacian-EASE,100,0.3,rp3beta,none,1000.0,q1,5787,0.10624785651078723,0.07424776393538399,0.43943321237255917,0.11793254576116839,0.12999416078261178,0.5807845170209089
ml-1m,Laplacian-EASE,100,0.3,rp3beta,none,1000.0,q2,4520,0.0,0.0,0.0,0.0,0.0,0.0
ml-1m,Laplacian-EASE,100,0.3,rp3beta,none,1000.0,q3,3059,0.0,0.0,0.0,0.0,0.0,0.0
ml-1m,Laplacian-EASE,100,0.3,rp3beta,none,1000.0,q4,1767,0.0,0.0,0.0,0.0,0.0,0.0
ml-1m,Laplacian-EASE,100,0.3,rp3beta,none,1000.0,q5,775,0.0,0.0,0.0,0.0,0.0,0.0
ml-1m,Laplacian-EASE,100,0.6,rp3beta,none,0.1,overall,5957,0.10746592331975417,0.08652708224581294,0.5012590229981534,0.1234429236036655,0.1463970013980968,0.6739969783448044
ml-1m,Laplacian-EASE,100,0.6,rp3beta,none,0.1,q1,5787,0.11697258047728669,0.11704287966763384,0.5007776049766719,0.13876503269616777,0.1917334806365762,0.6689130810437187
ml-1m,Laplacian-EASE,100,0.6,rp3beta,none,0.1,q2,4520,0.009538541007427544,0.01763800300842067,0.04092920353982301,0.016352557416623295,0.03902054948838814,0.09623893805309734
ml-1m,Laplacian-EASE,100,0.6,rp3beta,none,0.1,q3,3059,0.0022783355491088563,0.004767353165522501,0.007518796992481203,0.004352133774301813,0.011768927566292041,0.018633540372670808
ml-1m,Laplacian-EASE,100,0.6,rp3beta,none,0.1,q4,1767,0.00016359073362642211,0.0005659309564233164,0.0005659309564233164,0.0002438787369461698,0.0008488964346349745,0.0011318619128466328
ml-1m,Laplacian-EASE,100,0.6,rp3beta,none,0.1,q5,775,0.0,0.0,0.0,0.0,0.0,0.0
ml-1m,Laplacian-EASE,100,0.6,rp3beta,none,0.3,overall,5957,0.10825262561183467,0.08651846328141205,0.4994124559341951,0.12478691948226266,0.14836595308689687,0.6739969783448044
ml-1m,Laplacian-EASE,100,0.6,rp3beta,none,0.3,q1,5787,0.11813204042075436,0.11777256279190552,0.501123207188526,0.14086936749986104,0.1957565735216202,0.6711594954207707
ml-1m,Laplacian-EASE,100,0.6,rp3beta,none,0.3,q2,4520,0.009063676032127519,0.016323102076122937,0.03761061946902655,0.015834392926826386,0.037665201778343586,0.09004424778761062
ml-1m,Laplacian-EASE,100,0.6,rp3beta,none,0.3,q3,3059,0.0020352641445626745,0.004249754821837201,0.006864988558352402,0.0038880562380515385,0.010466383349678544,0.016345210853220007
ml-1m,Laplacian-EASE,100,0.6,rp3beta,none,0.3,q4,1767,0.0,0.0,0.0,0.00023954910018893666,0.0008488964346349745,0.0011318619128466328
ml-1m,Laplacian-EASE,100,0.6,rp3beta,none,0.3,q5,775,0.0,0.0,0.0,0.0,0.0,0.0
ml-1m,Laplacian-EASE,100,0.6,rp3beta,none,1.0,overall,5957,0.11066153150000933,0.08801297870187216,0.5010911532650663,0.12708935534599208,0.1514593789145314,0.6758435454087628
ml-1m,Laplacian-EASE,100,0.6,rp3beta,none,1.0,q1,5787,0.12122014163720726,0.12061074953616385,0.5040608259892864,0.14431320606740108,0.20114479387159287,0.6751339208570935
ml-1m,Laplacian-EASE,100,0.6,rp3beta,none,1.0,q2,4520,0.008211057948287508,0.014983182309603504,0.034734513274336284,0.014694097002437765,0.03602586175441161,0.08384955752212389
ml-1m,Laplacian-EASE,100,0.6,rp3beta,none,1.0,q3,3059,0.0016566338292666476,0.003704914460063201,0.006211180124223602,0.0031676248115483046,0.008793723439032362,0.014056881333769205
ml-1m,Laplacian-EASE,100,0.6,rp3beta,none,1.0,q4,1767,0.0,0.0,0.0,0.00022974805767863799,0.0008488964346349745,0.0011318619128466328
ml-1m,Laplacian-EASE,100,0.6,rp3beta,none,1.0,q5,775,0.0,0.0,0.0,0.0,0.0,0.0
ml-1m,Laplacian-EASE,100,0.6,rp3beta,none,3.0,overall,5957,0.1140692967268219,0.08934111473551372,0.5029377203290247,0.13099572544195964,0.15494571891081452,0.6788652006043311
ml-1m,Laplacian-EASE,100,0.6,rp3beta,none,3.0,q1,5787,0.12611089584393442,0.12419426581541336,0.5092448591670987,0.15037435541281227,0.20917348684221876,0.682909970623812
ml-1m,Laplacian-EASE,100,0.6,rp3beta,none,3.0,q2,4520,0.0063672722284472925,0.011575033898720355,0.02654867256637168,0.012363163461369928,0.03091532668457996,0.06902654867256637
ml-1m,Laplacian-EASE,100,0.6,rp3beta,none,3.0,q3,3059,0.0010392076307163716,0.002479023646071701,0.003922850604772802,0.0022384385689639096,0.006532635937670263,0.010134030728996404
ml-1m,Laplacian-EASE,100,0.6,rp3beta,none,3.0,q4,1767,0.0,0.0,0.0,0.0,0.0,0.0
ml-1m,Laplacian-EASE,100,0.6,rp3beta,none,3.0,q5,775,0.0,0.0,0.0,0.0,0.0,0.0
ml-1m,Laplacian-EASE,100,0.6,rp3beta,none,10.0,overall,5957,0.11702345889691013,0.08894105792650144,0.5067987241900286,0.13287779980682327,0.1537340905602678,0.6745005875440658
ml-1m,Laplacian-EASE,100,0.6,rp3beta,none,10.0,q1,5787,0.1305725094480127,0.12566865490572826,0.5175393122515984,0.15476544952527527,0.21168924213370438,0.6834283739415933
ml-1m,Laplacian-EASE,100,0.6,rp3beta,none,10.0,q2,4520,0.0037295972278771124,0.006365105411776169,0.015265486725663717,0.00790002053897858,0.01994136642699418,0.04469026548672567
ml-1m,Laplacian-EASE,100,0.6,rp3beta,none,10.0,q3,3059,0.0003477700906915139,0.0008445025607497003,0.0016345210853220007,0.0009291463715694829,0.002860411899313501,0.004576659038901602
ml-1m,Laplacian-EASE,100,0.6,rp3beta,none,10.0,q4,1767,0.0,0.0,0.0,0.0,0.0,0.0
ml-1m,Laplacian-EASE,100,0.6,rp3beta,none,10.0,q5,775,0.0,0.0,0.0,0.0,0.0,0.0
ml-1m,Laplacian-EASE,100,0.6,rp3beta,none,30.0,overall,5957,0.11967829871196696,0.08782868133298055,0.5062951149907672,0.13313976979645203,0.14801415367859416,0.6684572771529294
ml-1m,Laplacian-EASE,100,0.6,rp3beta,none,30.0,q1,5787,0.13362906754649487,0.12375952693758618,0.518921721099015,0.15646174950934755,0.20736182100391393,0.6837739761534474
ml-1m,Laplacian-EASE,100,0.6,rp3beta,none,30.0,q2,4520,0.0020221924495439645,0.003987775989988379,0.007743362831858407,0.0037383192057772567,0.009149392286472241,0.02079646017699115
ml-1m,Laplacian-EASE,100,0.6,rp3beta,none,30.0,q3,3059,0.00013067018502943402,0.0002724201808870001,0.0006538084341288003,0.0003384775219496019,0.0010079546692819002,0.001961425302386401
ml-1m,Laplacian-EASE,100,0.6,rp3beta,none,30.0,q4,1767,0.0,0.0,0.0,0.0,0.0,0.0
ml-1m,Laplacian-EASE,100,0.6,rp3beta,none,30.0,q5,775,0.0,0.0,0.0,0.0,0.0,0.0
ml-1m,Laplacian-EASE,100,0.6,rp3beta,none,50.0,overall,5957,0.11980791792814999,0.08569670094809761,0.5047842873929831,0.13300176592604326,0.14506670810879144,0.6659392311566225
ml-1m,Laplacian-EASE,100,0.6,rp3beta,none,50.0,q1,5787,0.13358437841925716,0.12026847207321877,0.5180577155693796,0.15631548342742474,0.2032663554517516,0.6827371695178849
ml-1m,Laplacian-EASE,100,0.6,rp3beta,none,50.0,q2,4520,0.0011700576165303758,0.0026274917314740324,0.0055309734513274336,0.0021975370622670863,0.005639118747525827,0.012168141592920354
ml-1m,Laplacian-EASE,100,0.6,rp3beta,none,50.0,q3,3059,6.681346766540899e-05,0.00016345210853220007,0.00032690421706440013,0.00018470540356649613,0.0005175983436853001,0.0013076168682576005
ml-1m,Laplacian-EASE,100,0.6,rp3beta,none,50.0,q4,1767,0.0,0.0,0.0,0.0,0.0,0.0
ml-1m,Laplacian-EASE,100,0.6,rp3beta,none,50.0,q5,775,0.0,0.0,0.0,0.0,0.0,0.0
ml-1m,Laplacian-EASE,100,0.6,rp3beta,none,75.0,overall,5957,0.11988138361464036,0.08329468271061077,0.5029377203290247,0.13260170412329292,0.14291584600969898,0.6620782272956186
ml-1m,Laplacian-EASE,100,0.6,rp3beta,none,75.0,q1,5787,0.13342185260587763,0.11705729735598618,0.5163297045101088,0.15552538713938002,0.199521957484559,0.6797995507171246
ml-1m,Laplacian-EASE,100,0.6,rp3beta,none,75.0,q2,4520,0.0006493563681324109,0.001490122463573791,0.003761061946902655,0.0013485533229750835,0.0036746893715920268,0.00752212389380531
ml-1m,Laplacian-EASE,100,0.6,rp3beta,none,75.0,q3,3059,0.0,0.0,0.0,0.00012206748035157572,0.0003541462351531001,0.0009807126511932004
ml-1m,Laplacian-EASE,100,0.6,rp3beta,none,75.0,q4,1767,0.0,0.0,0.0,0.0,0.0,0.0
ml-1m,Laplacian-EASE,100,0.6,rp3beta,none,75.0,q5,775,0.0,0.0,0.0,0.0,0.0,0.0
ml-1m,Laplacian-EASE,100,0.6,rp3beta,none,100.0,overall,5957,0.12033686033218684,0.08297204040483788,0.5062951149907672,0.13174698917119163,0.13948297225203393,0.6595601812993117
ml-1m,Laplacian-EASE,100,0.6,rp3beta,none,100.0,q1,5787,0.13362036352070383,0.11584221264707406,0.5204769310523587,0.15424026466956534,0.19455924107080436,0.6775531363400725
ml-1m,Laplacian-EASE,100,0.6,rp3beta,none,100.0,q2,4520,0.00030112811835917387,0.0005498569768481274,0.0022123893805309734,0.0008606846809598126,0.0022281123497937655,0.005309734513274336
ml-1m,Laplacian-EASE,100,0.6,rp3beta,none,100.0,q3,3059,0.0,0.0,0.0,0.0,0.0,0.0
ml-1m,Laplacian-EASE,100,0.6,rp3beta,none,100.0,q4,1767,0.0,0.0,0.0,0.0,0.0,0.0
ml-1m,Laplacian-EASE,100,0.6,rp3beta,none,100.0,q5,775,0.0,0.0,0.0,0.0,0.0,0.0
ml-1m,Laplacian-EASE,100,0.6,rp3beta,none,200.0,overall,5957,0.1186454783946251,0.07885487437737017,0.5029377203290247,0.12874741103183834,0.13128331000742732,0.6471378210508645
ml-1m,Laplacian-EASE,100,0.6,rp3beta,none,200.0,q1,5787,0.13063391748865558,0.10856825124787042,0.5177121133575255,0.14948775707150774,0.1821832783502431,0.6658026611370312
ml-1m,Laplacian-EASE,100,0.6,rp3beta,none,200.0,q2,4520,2.878908923245587e-05,5.5309734513274336e-05,0.00022123893805309734,0.00018912345362515458,0.0005420353982300885,0.0015486725663716814
ml-1m,Laplacian-EASE,100,0.6,rp3beta,none,200.0,q3,3059,0.0,0.0,0.0,0.0,0.0,0.0
ml-1m,Laplacian-EASE,100,0.6,rp3beta,none,200.0,q4,1767,0.0,0.0,0.0,0.0,0.0,0.0
ml-1m,Laplacian-EASE,100,0.6,rp3beta,none,200.0,q5,775,0.0,0.0,0.0,0.0,0.0,0.0
ml-1m,Laplacian-EASE,100,0.6,rp3beta,none,500.0,overall,5957,0.11326204582870704,0.06807265777387984,0.47255329864025514,0.11988695016518093,0.1132919775626163,0.6130602652341782
ml-1m,Laplacian-EASE,100,0.6,rp3beta,none,500.0,q1,5787,0.12264228092201222,0.09087408135576416,0.4864351131847244,0.13669026172758905,0.153724912262692,0.6310696388456886
ml-1m,Laplacian-EASE,100,0.6,rp3beta,none,500.0,q2,4520,0.0,0.0,0.0,0.0,0.0,0.0
ml-1m,Laplacian-EASE,100,0.6,rp3beta,none,500.0,q3,3059,0.0,0.0,0.0,0.0,0.0,0.0
ml-1m,Laplacian-EASE,100,0.6,rp3beta,none,500.0,q4,1767,0.0,0.0,0.0,0.0,0.0,0.0
ml-1m,Laplacian-EASE,100,0.6,rp3beta,none,500.0,q5,775,0.0,0.0,0.0,0.0,0.0,0.0
ml-1m,Laplacian-EASE,100,0.6,rp3beta,none,1000.0,overall,5957,0.10761220234735283,0.06303609621613346,0.4487157965418835,0.11199864237480718,0.10254516567108907,0.5801577975491019
ml-1m,Laplacian-EASE,100,0.6,rp3beta,none,1000.0,q1,5787,0.11568294579821613,0.08360819244583466,0.4618973561430793,0.1264031573671673,0.13736273323652265,0.5972006220839814
ml-1m,Laplacian-EASE,100,0.6,rp3beta,none,1000.0,q2,4520,0.0,0.0,0.0,0.0,0.0,0.0
ml-1m,Laplacian-EASE,100,0.6,rp3beta,none,1000.0,q3,3059,0.0,0.0,0.0,0.0,0.0,0.0
ml-1m,Laplacian-EASE,100,0.6,rp3beta,none,1000.0,q4,1767,0.0,0.0,0.0,0.0,0.0,0.0
ml-1m,Laplacian-EASE,100,0.6,rp3beta,none,1000.0,q5,775,0.0,0.0,0.0,0.0,0.0,0.0
ml-1m,Laplacian-EASE,500,0.3,rp3beta,none,0.1,overall,5957,0.11358550741182454,0.08902975562387798,0.5059593755245929,0.13034597334706205,0.15411449406752,0.6800402887359409
ml-1m,Laplacian-EASE,500,0.3,rp3beta,none,0.1,q1,5787,0.12544483380212976,0.12352715892024341,0.5106272680145153,0.14964983595722664,0.20789675400260496,0.6844651805771557
ml-1m,Laplacian-EASE,500,0.3,rp3beta,none,0.1,q2,4520,0.006808539064216714,0.012895874359249732,0.02831858407079646,0.012245970157002982,0.03029953632086853,0.06924778761061946
ml-1m,Laplacian-EASE,500,0.3,rp3beta,none,0.1,q3,3059,0.0015230947030046155,0.003541462351531001,0.005884275907159202,0.002723348265683257,0.0076659038901601825,0.011114743380189604
ml-1m,Laplacian-EASE,500,0.3,rp3beta,none,0.1,q4,1767,0.0,0.0,0.0,0.00022177074242557679,0.0008488964346349745,0.0011318619128466328
ml-1m,Laplacian-EASE,500,0.3,rp3beta,none,0.1,q5,775,0.0,0.0,0.0,0.0,0.0,0.0
ml-1m,Laplacian-EASE,500,0.3,rp3beta,none,0.3,overall,5957,0.11412472570107775,0.08911745724719775,0.5057915057915058,0.13066772529070597,0.1538441114160547,0.6797045492697666
ml-1m,Laplacian-EASE,500,0.3,rp3beta,none,0.3,q1,5787,0.1261810332864778,0.12411464375725523,0.5109728702263695,0.15012739497580813,0.20801922266154646,0.6841195783653016
ml-1m,Laplacian-EASE,500,0.3,rp3beta,none,0.3,q2,4520,0.006642429218581837,0.012282044756612216,0.027876106194690265,0.012200230733915081,0.030196676459159105,0.06769911504424779
ml-1m,Laplacian-EASE,500,0.3,rp3beta,none,0.3,q3,3059,0.001418203750474114,0.003214558134466601,0.005557371690094802,0.002624282762272549,0.007338999673095783,0.010787839163125205
ml-1m,Laplacian-EASE,500,0.3,rp3beta,none,0.3,q4,1767,0.0,0.0,0.0,0.00021745665873399916,0.0008488964346349745,0.0011318619128466328
ml-1m,Laplacian-EASE,500,0.3,rp3beta,none,0.3,q5,775,0.0,0.0,0.0,0.0,0.0,0.0
ml-1m,Laplacian-EASE,500,0.3,rp3beta,none,1.0,overall,5957,0.1155714117094535,0.0897606856021024,0.5059593755245929,0.13214767298941257,0.15455696244618178,0.6765150243411113
ml-1m,Laplacian-EASE,500,0.3,rp3beta,none,1.0,q1,5787,0.12791610103707493,0.12480678559086883,0.512182477967859,0.1518946489174693,0.20893974994924677,0.6811819595645412
ml-1m,Laplacian-EASE,500,0.3,rp3beta,none,1.0,q2,4520,0.0062183833872508296,0.011347315714733233,0.025221238938053097,0.011995139744393781,0.030039397730384297,0.06526548672566372
ml-1m,Laplacian-EASE,500,0.3,rp3beta,none,1.0,q3,3059,0.0012258406437090782,0.002969379971668301,0.004576659038901602,0.002407018740663272,0.006903127383676583,0.010134030728996404
ml-1m,Laplacian-EASE,500,0.3,rp3beta,none,1.0,q4,1767,0.0,0.0,0.0,0.00020994543691256915,0.0008488964346349745,0.0011318619128466328
ml-1m,Laplacian-EASE,500,0.3,rp3beta,none,1.0,q5,775,0.0,0.0,0.0,0.0,0.0,0.0
ml-1m,Laplacian-EASE,500,0.3,rp3beta,none,3.0,overall,5957,0.11711215968807095,0.08981980895346384,0.5056236360584186,0.13330618824420384,0.15447036744004158,0.6743327178109787
ml-1m,Laplacian-EASE,500,0.3,rp3beta,none,3.0,q1,5787,0.1299978130551181,0.12563184099353802,0.5132192846034215,0.15398536138522845,0.21040934670468617,0.68066355624676
ml-1m,Laplacian-EASE,500,0.3,rp3beta,none,3.0,q2,4520,0.005198873104959518,0.008899727653357198,0.021238938053097345,0.010629083592185094,0.02675856228098413,0.05730088495575221
ml-1m,Laplacian-EASE,500,0.3,rp3beta,none,3.0,q3,3059,0.0009613894494497001,0.002315571537539501,0.003922850604772802,0.0018052058410190565,0.005230467473030402,0.007845701209545603
ml-1m,Laplacian-EASE,500,0.3,rp3beta,none,3.0,q4,1767,0.0,0.0,0.0,0.0,0.0,0.0
ml-1m,Laplacian-EASE,500,0.3,rp3beta,none,3.0,q5,775,0.0,0.0,0.0,0.0,0.0,0.0
ml-1m,Laplacian-EASE,500,0.3,rp3beta,none,10.0,overall,5957,0.11930834949084915,0.08888887384371658,0.507470203122377,0.1336298035662602,0.1504215718507421,0.669464495551452
ml-1m,Laplacian-EASE,500,0.3,rp3beta,none,10.0,q1,5787,0.13298802756128644,0.12508875750243545,0.5178849144634525,0.15592642110451407,0.20798809585061181,0.6799723518230517
ml-1m,Laplacian-EASE,500,0.3,rp3beta,none,10.0,q2,4520,0.0035533071770464937,0.006228282875725271,0.013716814159292035,0.00700339085271812,0.017489957711307676,0.03738938053097345
ml-1m,Laplacian-EASE,500,0.3,rp3beta,none,10.0,q3,3059,0.0004006047299101523,0.0010079546692819002,0.001961425302386401,0.0008700250892691975,0.002751443826958701,0.004249754821837201
ml-1m,Laplacian-EASE,500,0.3,rp3beta,none,10.0,q4,1767,0.0,0.0,0.0,0.0,0.0,0.0
ml-1m,Laplacian-EASE,500,0.3,rp3beta,none,10.0,q5,775,0.0,0.0,0.0,0.0,0.0,0.0
ml-1m,Laplacian-EASE,500,0.3,rp3beta,none,30.0,overall,5957,0.1202739433367663,0.08534718947932976,0.5052878965922444,0.13353559629128114,0.14525088730617206,0.6629175759610543
ml-1m,Laplacian-EASE,500,0.3,rp3beta,none,30.0,q1,5787,0.13414515057733448,0.12031287473997691,0.5180577155693796,0.15684905433549506,0.2036638378960671,0.6784171418697079
ml-1m,Laplacian-EASE,500,0.3,rp3beta,none,30.0,q2,4520,0.0014678373854370105,0.0030424823455796907,0.00663716814159292,0.0027358081281827966,0.006825185607686498,0.01504424778761062
ml-1m,Laplacian-EASE,500,0.3,rp3beta,none,30.0,q3,3059,0.00015877568733268366,0.0003541462351531001,0.0009807126511932004,0.000254029252239232,0.0006810504522175002,0.0016345210853220007
ml-1m,Laplacian-EASE,500,0.3,rp3beta,none,30.0,q4,1767,0.0,0.0,0.0,0.0,0.0,0.0
ml-1m,Laplacian-EASE,500,0.3,rp3beta,none,30.0,q5,775,0.0,0.0,0.0,0.0,0.0,0.0
ml-1m,Laplacian-EASE,500,0.3,rp3beta,none,50.0,overall,5957,0.12079196579237561,0.08397151620251435,0.5076380728554641,0.13307150859957792,0.14224583501839563,0.6610710088970958
ml-1m,Laplacian-EASE,500,0.3,rp3beta,none,50.0,q1,5787,0.13456385788416514,0.11834453614026666,0.521168135476067,0.15602635316820165,0.19880652188775494,0.6782443407637809
ml-1m,Laplacian-EASE,500,0.3,rp3beta,none,50.0,q2,4520,0.0007129497452959338,0.0015638687762581567,0.003761061946902655,0.0016768320387120848,0.004617492880767217,0.008849557522123894
ml-1m,Laplacian-EASE,500,0.3,rp3beta,none,50.0,q3,3059,6.323190703408657e-05,0.00016345210853220007,0.00032690421706440013,0.00013542898179405683,0.0003541462351531001,0.0009807126511932004
ml-1m,Laplacian-EASE,500,0.3,rp3beta,none,50.0,q4,1767,0.0,0.0,0.0,0.0,0.0,0.0
ml-1m,Laplacian-EASE,500,0.3,rp3beta,none,50.0,q5,775,0.0,0.0,0.0,0.0,0.0,0.0
ml-1m,Laplacian-EASE,500,0.3,rp3beta,none,75.0,overall,5957,0.12012590876561874,0.08132147140296232,0.5056236360584186,0.1317463810478261,0.13785358854058372,0.6562027866375693
ml-1m,Laplacian-EASE,500,0.3,rp3beta,none,75.0,q1,5787,0.133300525267429,0.11365795866809483,0.5197857266286504,0.15397782821627812,0.19213919086172793,0.6742699153274581
ml-1m,Laplacian-EASE,500,0.3,rp3beta,none,75.0,q2,4520,0.000251687303181774,0.0004515285599356396,0.0017699115044247787,0.0008111097061532697,0.002143304090206745,0.0048672566371681415
ml-1m,Laplacian-EASE,500,0.3,rp3beta,none,75.0,q3,3059,0.0,0.0,0.0,3.611389178133293e-05,0.00010896807235480004,0.00032690421706440013
ml-1m,Laplacian-EASE,500,0.3,rp3beta,none,75.0,q4,1767,0.0,0.0,0.0,0.0,0.0,0.0
ml-1m,Laplacian-EASE,500,0.3,rp3beta,none,75.0,q5,775,0.0,0.0,0.0,0.0,0.0,0.0
ml-1m,Laplacian-EASE,500,0.3,rp3beta,none,100.0,overall,5957,0.11923283671999695,0.0794960550863112,0.5039449387275474,0.12977576290551746,0.13324389414877869,0.650495215712607
ml-1m,Laplacian-EASE,500,0.3,rp3beta,none,100.0,q1,5787,0.13181867129790575,0.11039217227089552,0.5184033177812338,0.15119356605330245,0.18535742685147588,0.6689130810437187
ml-1m,Laplacian-EASE,500,0.3,rp3beta,none,100.0,q2,4520,0.0001834551465104924,0.000357669616519174,0.001327433628318584,0.0004973294251275122,0.0013795029945472422,0.0035398230088495575
ml-1m,Laplacian-EASE,500,0.3,rp3beta,none,100.0,q3,3059,0.0,0.0,0.0,0.0,0.0,0.0
ml-1m,Laplacian-EASE,500,0.3,rp3beta,none,100.0,q4,1767,0.0,0.0,0.0,0.0,0.0,0.0
ml-1m,Laplacian-EASE,500,0.3,rp3beta,none,100.0,q5,775,0.0,0.0,0.0,0.0,0.0,0.0
ml-1m,Laplacian-EASE,500,0.3,rp3beta,none,200.0,overall,5957,0.1162569197475233,0.0718985347030966,0.4888366627497062,0.12419802051875176,0.12027649703455925,0.6271613228134967
ml-1m,Laplacian-EASE,500,0.3,rp3beta,none,200.0,q1,5787,0.12693917570613733,0.09813907075619716,0.503196820459651,0.14288842944503097,0.16535996280230875,0.6455849317435631
ml-1m,Laplacian-EASE,500,0.3,rp3beta,none,200.0,q2,4520,0.0,0.0,0.0,1.9663257315936002e-05,5.5309734513274336e-05,0.00022123893805309734
ml-1m,Laplacian-EASE,500,0.3,rp3beta,none,200.0,q3,3059,0.0,0.0,0.0,0.0,0.0,0.0
ml-1m,Laplacian-EASE,500,0.3,rp3beta,none,200.0,q4,1767,0.0,0.0,0.0,0.0,0.0,0.0
ml-1m,Laplacian-EASE,500,0.3,rp3beta,none,200.0,q5,775,0.0,0.0,0.0,0.0,0.0,0.0
ml-1m,Laplacian-EASE,500,0.3,rp3beta,none,500.0,overall,5957,0.10843250660047933,0.06324267216742252,0.45257680040288734,0.112758896554932,0.1032330676945082,0.5825079738123217
ml-1m,Laplacian-EASE,500,0.3,rp3beta,none,500.0,q1,5787,0.11670216356737087,0.08436070108583771,0.4658717815794021,0.12747302375549183,0.138670459185506,0.5996198375669605
ml-1m,Laplacian-EASE,500,0.3,rp3beta,none,500.0,q2,4520,0.0,0.0,0.0,0.0,0.0,0.0
ml-1m,Laplacian-EASE,500,0.3,rp3beta,none,500.0,q3,3059,0.0,0.0,0.0,0.0,0.0,0.0
ml-1m,Laplacian-EASE,500,0.3,rp3beta,none,500.0,q4,1767,0.0,0.0,0.0,0.0,0.0,0.0
ml-1m,Laplacian-EASE,500,0.3,rp3beta,none,500.0,q5,775,0.0,0.0,0.0,0.0,0.0,0.0
ml-1m,Laplacian-EASE,500,0.3,rp3beta,none,1000.0,overall,5957,0.09963636974442017,0.05602530250401023,0.4267248615074702,0.10502298576755223,0.0973103558015625,0.5642101729058251
ml-1m,Laplacian-EASE,500,0.3,rp3beta,none,1000.0,q1,5787,0.1062576422961347,0.07424655553604184,0.4392604112666321,0.11793161239202037,0.1299726915542996,0.5807845170209089
ml-1m,Laplacian-EASE,500,0.3,rp3beta,none,1000.0,q2,4520,0.0,0.0,0.0,0.0,0.0,0.0
ml-1m,Laplacian-EASE,500,0.3,rp3beta,none,1000.0,q3,3059,0.0,0.0,0.0,0.0,0.0,0.0
ml-1m,Laplacian-EASE,500,0.3,rp3beta,none,1000.0,q4,1767,0.0,0.0,0.0,0.0,0.0,0.0
ml-1m,Laplacian-EASE,500,0.3,rp3beta,none,1000.0,q5,775,0.0,0.0,0.0,0.0,0.0,0.0
ml-1m,Laplacian-EASE,500,0.6,rp3beta,none,0.1,overall,5957,0.11344274675267411,0.08906488268022195,0.5056236360584186,0.13018848274147757,0.15405659297988505,0.6817189860668121
ml-1m,Laplacian-EASE,500,0.6,rp3beta,none,0.1,q1,5787,0.1252669510715595,0.12357738863919042,0.5106272680145153,0.1494581683923859,0.20784974216453814,0.6856747883186453
ml-1m,Laplacian-EASE,500,0.6,rp3beta,none,0.1,q2,4520,0.006801980959122909,0.012840564624736458,0.02831858407079646,0.012208066094263587,0.030215096792844932,0.06924778761061946
ml-1m,Laplacian-EASE,500,0.6,rp3beta,none,0.1,q3,3059,0.0015191832386874874,0.003541462351531001,0.005884275907159202,0.0027190322834874567,0.0076659038901601825,0.011114743380189604
ml-1m,Laplacian-EASE,500,0.6,rp3beta,none,0.1,q4,1767,0.0,0.0,0.0,0.0002187433186101982,0.0008488964346349745,0.0011318619128466328
ml-1m,Laplacian-EASE,500,0.6,rp3beta,none,0.1,q5,775,0.0,0.0,0.0,0.0,0.0,0.0
ml-1m,Laplacian-EASE,500,0.6,rp3beta,none,0.3,overall,5957,0.11387418289146055,0.0890270744537893,0.5054557663253315,0.13077821517515217,0.154654245080982,0.6823904649991607
ml-1m,Laplacian-EASE,500,0.6,rp3beta,none,0.3,q1,5787,0.12583602016314904,0.12359680396100213,0.5106272680145153,0.15034435916867547,0.2090171546460245,0.6870571971660618
ml-1m,Laplacian-EASE,500,0.6,rp3beta,none,0.3,q2,4520,0.00669098258135975,0.012793683040244253,0.028097345132743364,0.012051353560988428,0.030144550134617785,0.06792035398230088
ml-1m,Laplacian-EASE,500,0.6,rp3beta,none,0.3,q3,3059,0.0014107570811881414,0.003214558134466601,0.005557371690094802,0.0025828931310620837,0.0072300316007409835,0.010787839163125205
ml-1m,Laplacian-EASE,500,0.6,rp3beta,none,0.3,q4,1767,0.0,0.0,0.0,0.0002160053018868849,0.0008488964346349745,0.0011318619128466328
ml-1m,Laplacian-EASE,500,0.6,rp3beta,none,0.3,q5,775,0.0,0.0,0.0,0.0,0.0,0.0
ml-1m,Laplacian-EASE,500,0.6,rp3beta,none,1.0,overall,5957,0.11422301228010484,0.08903094375795108,0.5042806781937217,0.13094972733149177,0.15426456424054966,0.6810475071344636
ml-1m,Laplacian-EASE,500,0.6,rp3beta,none,1.0,q1,5787,0.12644995532709646,0.12369060404317624,0.5106272680145153,0.15086133081899536,0.20915728427523086,0.6868843960601347
ml-1m,Laplacian-EASE,500,0.6,rp3beta,none,1.0,q2,4520,0.006131133277411942,0.011552747073081451,0.025,0.011457038080895697,0.028574303519239348,0.06393805309734513
ml-1m,Laplacian-EASE,500,0.6,rp3beta,none,1.0,q3,3059,0.0011266502944557466,0.002805927863136101,0.004249754821837201,0.0022466139200732946,0.006532635937670263,0.009807126511932003
ml-1m,Laplacian-EASE,500,0.6,rp3beta,none,1.0,q4,1767,0.0,0.0,0.0,0.0001288456415942009,0.0005659309564233164,0.0005659309564233164
ml-1m,Laplacian-EASE,500,0.6,rp3beta,none,1.0,q5,775,0.0,0.0,0.0,0.0,0.0,0.0
ml-1m,Laplacian-EASE,500,0.6,rp3beta,none,3.0,overall,5957,0.11604331218028531,0.08987155233976893,0.5081416820547255,0.13216075797170493,0.1548411354970218,0.6778579822058083
ml-1m,Laplacian-EASE,500,0.6,rp3beta,none,3.0,q1,5787,0.12896313287124017,0.12608049555369868,0.516502505616036,0.15283234532477563,0.21084466097011767,0.684983583894937
ml-1m,Laplacian-EASE,500,0.6,rp3beta,none,3.0,q2,4520,0.005107748618163888,0.009149131708552815,0.021238938053097345,0.01031489711611305,0.026162754599006847,0.05707964601769912
ml-1m,Laplacian-EASE,500,0.6,rp3beta,none,3.0,q3,3059,0.0008103437470590809,0.001988667320475101,0.0032690421706440013,0.0015740000818520808,0.004576659038901602,0.006864988558352402
ml-1m,Laplacian-EASE,500,0.6,rp3beta,none,3.0,q4,1767,0.0,0.0,0.0,0.0,0.0,0.0
ml-1m,Laplacian-EASE,500,0.6,rp3beta,none,3.0,q5,775,0.0,0.0,0.0,0.0,0.0,0.0
ml-1m,Laplacian-EASE,500,0.6,rp3beta,none,10.0,overall,5957,0.11807601673510405,0.08897883568777827,0.5084774215208998,0.1335632821667772,0.15326589831537338,0.6731576296793688
ml-1m,Laplacian-EASE,500,0.6,rp3beta,none,10.0,q1,5787,0.13189718932407618,0.12604032281897454,0.5192673233108692,0.1559577799494954,0.21189210380515675,0.6837739761534474
ml-1m,Laplacian-EASE,500,0.6,rp3beta,none,10.0,q2,4520,0.0034724807575075537,0.006146898552084311,0.013716814159292035,0.006998706421201432,0.017557352876760326,0.03849557522123894
ml-1m,Laplacian-EASE,500,0.6,rp3beta,none,10.0,q3,3059,0.00024185818121987793,0.0005175983436853001,0.0013076168682576005,0.0007904330082444256,0.0024245396098943007,0.003922850604772802
ml-1m,Laplacian-EASE,500,0.6,rp3beta,none,10.0,q4,1767,0.0,0.0,0.0,0.0,0.0,0.0
ml-1m,Laplacian-EASE,500,0.6,rp3beta,none,10.0,q5,775,0.0,0.0,0.0,0.0,0.0,0.0
ml-1m,Laplacian-EASE,500,0.6,rp3beta,none,30.0,overall,5957,0.1197324498519474,0.087591719136477,0.5064629847238543,0.1333084803849124,0.14789885196966793,0.669464495551452
ml-1m,Laplacian-EASE,500,0.6,rp3beta,none,30.0,q1,5787,0.13364272717141654,0.12319876861762459,0.5192673233108692,0.15681857789751688,0.20763998627911645,0.685156385000864
ml-1m,Laplacian-EASE,500,0.6,rp3beta,none,30.0,q2,4520,0.0018115677709308808,0.0034715518011978193,0.007079646017699115,0.003416304579781858,0.008446669845903386,0.01836283185840708
ml-1m,Laplacian-EASE,500,0.6,rp3beta,none,30.0,q3,3059,0.00012188613475048839,0.0002724201808870001,0.0006538084341288003,0.00025189229319297964,0.0006810504522175002,0.0016345210853220007
ml-1m,Laplacian-EASE,500,0.6,rp3beta,none,30.0,q4,1767,0.0,0.0,0.0,0.0,0.0,0.0
ml-1m,Laplacian-EASE,500,0.6,rp3beta,none,30.0,q5,775,0.0,0.0,0.0,0.0,0.0,0.0
ml-1m,Laplacian-EASE,500,0.6,rp3beta,none,50.0,overall,5957,0.11988798998493065,0.08561564918090485,0.5051200268591572,0.1329513329884663,0.1448611246978593,0.6649320127580998
ml-1m,Laplacian-EASE,500,0.6,rp3beta,none,50.0,q1,5787,0.13361358533261355,0.12019138879950703,0.5184033177812338,0.15614249226954963,0.2026358026888656,0.6817003628823225
ml-1m,Laplacian-EASE,500,0.6,rp3beta,none,50.0,q2,4520,0.0011403594302180657,0.0026073791007419325,0.0055309734513274336,0.002095982022791588,0.005436986808668224,0.011504424778761062
ml-1m,Laplacian-EASE,500,0.6,rp3beta,none,50.0,q3,3059,6.681346766540899e-05,0.00016345210853220007,0.00032690421706440013,0.00018470540356649613,0.0005175983436853001,0.0013076168682576005
ml-1m,Laplacian-EASE,500,0.6,rp3beta,none,50.0,q4,1767,0.0,0.0,0.0,0.0,0.0,0.0
ml-1m,Laplacian-EASE,500,0.6,rp3beta,none,50.0,q5,775,0.0,0.0,0.0,0.0,0.0,0.0
ml-1m,Laplacian-EASE,500,0.6,rp3beta,none,75.0,overall,5957,0.12003670189921256,0.08340394158194533,0.5044485479268088,0.1325707367855508,0.14255464817088476,0.6620782272956186
ml-1m,Laplacian-EASE,500,0.6,rp3beta,none,75.0,q1,5787,0.1336034732201252,0.11716646080000583,0.5178849144634525,0.15549509654796523,0.19903981730163037,0.6797995507171246
ml-1m,Laplacian-EASE,500,0.6,rp3beta,none,75.0,q2,4520,0.0006372033097599581,0.001490122463573791,0.003761061946902655,0.0013257633326602637,0.0036641541840656887,0.007300884955752212
ml-1m,Laplacian-EASE,500,0.6,rp3beta,none,75.0,q3,3059,0.0,0.0,0.0,0.00011880162256193532,0.0003541462351531001,0.0009807126511932004
ml-1m,Laplacian-EASE,500,0.6,rp3beta,none,75.0,q4,1767,0.0,0.0,0.0,0.0,0.0,0.0
ml-1m,Laplacian-EASE,500,0.6,rp3beta,none,75.0,q5,775,0.0,0.0,0.0,0.0,0.0,0.0
ml-1m,Laplacian-EASE,500,0.6,rp3beta,none,100.0,overall,5957,0.12030558308609482,0.08296421124639361,0.5057915057915058,0.131778917744384,0.13934820429105108,0.6590565721000503
ml-1m,Laplacian-EASE,500,0.6,rp3beta,none,100.0,q1,5787,0.13355507476778072,0.11578607900347018,0.5199585277345775,0.1541913980267557,0.19427357511990984,0.6770347330222913
ml-1m,Laplacian-EASE,500,0.6,rp3beta,none,100.0,q2,4520,0.0002974704419374767,0.0005498569768481274,0.0022123893805309734,0.0008524190025734372,0.0022281123497937655,0.005309734513274336
ml-1m,Laplacian-EASE,500,0.6,rp3beta,none,100.0,q3,3059,0.0,0.0,0.0,0.0,0.0,0.0
ml-1m,Laplacian-EASE,500,0.6,rp3beta,none,100.0,q4,1767,0.0,0.0,0.0,0.0,0.0,0.0
ml-1m,Laplacian-EASE,500,0.6,rp3beta,none,100.0,q5,775,0.0,0.0,0.0,0.0,0.0,0.0
ml-1m,Laplacian-EASE,500,0.6,rp3beta,none,200.0,overall,5957,0.11850262107571329,0.07834390243594537,0.5024341111297633,0.1287743832505274,0.13108321632549336,0.6461306026523418
ml-1m,Laplacian-EASE,500,0.6,rp3beta,none,200.0,q1,5787,0.13043377933953407,0.10786708166062922,0.5171937100397442,0.1495014072233648,0.1820531732480336,0.6647658545014689
ml-1m,Laplacian-EASE,500,0.6,rp3beta,none,200.0,q2,4520,2.878908923245587e-05,5.5309734513274336e-05,0.00022123893805309734,0.00018734250825253677,0.0005420353982300885,0.0015486725663716814
ml-1m,Laplacian-EASE,500,0.6,rp3beta,none,200.0,q3,3059,0.0,0.0,0.0,0.0,0.0,0.0
ml-1m,Laplacian-EASE,500,0.6,rp3beta,none,200.0,q4,1767,0.0,0.0,0.0,0.0,0.0,0.0
ml-1m,Laplacian-EASE,500,0.6,rp3beta,none,200.0,q5,775,0.0,0.0,0.0,0.0,0.0,0.0
ml-1m,Laplacian-EASE,500,0.6,rp3beta,none,500.0,overall,5957,0.11327362647345206,0.06803769928200361,0.47255329864025514,0.1198609385704789,0.11324083411878498,0.6128923955010912
ml-1m,Laplacian-EASE,500,0.6,rp3beta,none,500.0,q1,5787,0.12265161176872501,0.09086572267301733,0.4864351131847244,0.13665505398610478,0.15366773911396267,0.6308968377397616
ml-1m,Laplacian-EASE,500,0.6,rp3beta,none,500.0,q2,4520,0.0,0.0,0.0,0.0,0.0,0.0
ml-1m,Laplacian-EASE,500,0.6,rp3beta,none,500.0,q3,3059,0.0,0.0,0.0,0.0,0.0,0.0
ml-1m,Laplacian-EASE,500,0.6,rp3beta,none,500.0,q4,1767,0.0,0.0,0.0,0.0,0.0,0.0
ml-1m,Laplacian-EASE,500,0.6,rp3beta,none,500.0,q5,775,0.0,0.0,0.0,0.0,0.0,0.0
ml-1m,Laplacian-EASE,500,0.6,rp3beta,none,1000.0,overall,5957,0.10758643164843315,0.06299988916129286,0.4487157965418835,0.11202624450600217,0.10258702384453391,0.5804935370152762
ml-1m,Laplacian-EASE,500,0.6,rp3beta,none,1000.0,q1,5787,0.11565472941534059,0.08356756250142089,0.4618973561430793,0.12643866955360286,0.13744371245961626,0.5975462242958355
ml-1m,Laplacian-EASE,500,0.6,rp3beta,none,1000.0,q2,4520,0.0,0.0,0.0,0.0,0.0,0.0
ml-1m,Laplacian-EASE,500,0.6,rp3beta,none,1000.0,q3,3059,0.0,0.0,0.0,0.0,0.0,0.0
ml-1m,Laplacian-EASE,500,0.6,rp3beta,none,1000.0,q4,1767,0.0,0.0,0.0,0.0,0.0,0.0
ml-1m,Laplacian-EASE,500,0.6,rp3beta,none,1000.0,q5,775,0.0,0.0,0.0,0.0,0.0,0.0
