model,ease_lambda,rp3_beta,rp3_topK,gamma,bucket,NDCG@10_mean,NDCG@10_std,NDCG@10_count,Recall@10_mean,Recall@10_std,Recall@10_count,HitRate@10_mean,HitRate@10_std,HitRate@10_count,NDCG@20_mean,NDCG@20_std,NDCG@20_count,Recall@20_mean,Recall@20_std,Recall@20_count,HitRate@20_mean,HitRate@20_std,HitRate@20_count,n_users_mean,n_users_std,n_users_count
Hybrid-GraphReg,200,0.6,200,0.01,overall,0.34513322072294744,0.0022527393012333947,5,0.21577966309403837,0.0020985810062254077,5,0.8732240206966209,0.005651962546740521,5,0.34801078198374485,0.0027414981572562633,5,0.31784181591233285,0.002833926521072223,5,0.9304214410915332,0.006944963185155484,5,6007.4,3.4351128074635104,5
Hybrid-GraphReg,200,0.6,200,0.01,q1,0.36184770479662154,0.0021106264907138615,5,0.2743529779825069,0.0016848312445099417,5,0.8738641500124883,0.005197116332639258,5,0.37817818018874183,0.002612074481733214,5,0.39845992036982586,0.002571076541121837,5,0.9298803233758954,0.006250623134622331,5,5941.2,4.147288270665454,5
Hybrid-GraphReg,200,0.6,200,0.01,q2,0.017412946481247988,0.0010372325317905891,5,0.03050478811176822,0.001730573904664274,5,0.07819151431416659,0.005235106258569115,5,0.030104333424730817,0.0007412593107387304,5,0.06815231142248837,0.0021515336353667884,5,0.1733959138072902,0.00527688609712225,5,4440.2,45.146428430164846,5
Hybrid-GraphReg,200,0.6,200,0.01,q3,0.0030991250290620005,0.0006206622510306988,5,0.006640594046490103,0.0016216557472256488,5,0.010763958014606403,0.0021113398616221866,5,0.005795750932526546,0.0006557318813478426,5,0.015527446889866056,0.0018528277404117127,5,0.02727871476561774,0.0031321427155338814,5,2896.4,24.795160818191906,5
Hybrid-GraphReg,200,0.6,200,0.01,q4,0.0007192297524250505,0.0003766342725909641,5,0.0013071571491925752,0.0006869501283722963,5,0.0019367290182286361,0.0007731552781488726,5,0.000995568766445636,0.00030431632028637626,5,0.002387791518697281,0.0006924570266301551,5,0.0031563751524899945,0.0005000321682319892,5,1647.8,38.15363678602605,5
Hybrid-GraphReg,200,0.6,200,0.01,q5,9.210653336809599e-05,0.0002059564697829153,5,0.000291970802919708,0.0006528665627736611,5,0.000291970802919708,0.0006528665627736611,5,0.00031511867395157,0.0003482263611447805,5,0.0011707748574291145,0.0012225139268320893,5,0.0011707748574291145,0.0012225139268320893,5,690.4,16.379865689315046,5
Hybrid-GraphReg,200,0.6,200,0.05,overall,0.3447725038214977,0.0023124743252192857,5,0.21566527485004022,0.0021460922877687017,5,0.8734238155022883,0.005623015534558808,5,0.3479237322190625,0.002584382671288118,5,0.3179803485432703,0.0029826828806212642,5,0.9304880025009229,0.006953400332159466,5,6007.4,3.4351128074635104,5
Hybrid-GraphReg,200,0.6,200,0.05,q1,0.3601357938240238,0.0020378297773449247,5,0.2731849130896904,0.0013718093705002378,5,0.8730565789769141,0.005204386440616926,5,0.3765387671662298,0.0023984129447991733,5,0.39704476081040807,0.0028507323981482808,5,0.9291063771053647,0.006448408635931515,5,5941.2,4.147288270665454,5
Hybrid-GraphReg,200,0.6,200,0.05,q2,0.019369835325684842,0.0008315966912242124,5,0.03290549270992909,0.0017387300650283859,5,0.08539097885650766,0.004458489571414149,5,0.032420190420613546,0.0007420447942365167,5,0.07161939452369306,0.0018769115234628351,5,0.18317475281427406,0.005473335507406512,5,4440.2,45.146428430164846,5
Hybrid-GraphReg,200,0.6,200,0.05,q3,0.004045208850277737,0.0007171546361643532,5,0.008155052301946216,0.0014483414390415487,5,0.013951504399701067,0.002326061666979035,5,0.007304388950855084,0.0009689147414972508,5,0.018733985739720984,0.0024356816578934774,5,0.033845815682106074,0.0033664282777927726,5,2896.4,24.795160818191906,5
Hybrid-GraphReg,200,0.6,200,0.05,q4,0.0009621455814304589,0.0003737042958356288,5,0.0018429545911582122,0.0007661515760890972,5,0.002552080955023231,0.0009123721055074707,5,0.0016383754320040051,0.00046163095573568307,5,0.0042559203313813476,0.0013685080621621893,5,0.005593529970944314,0.0010707704958605872,5,1647.8,38.15363678602605,5
Hybrid-GraphReg,200,0.6,200,0.05,q5,0.0008156495765970568,0.00043577966787839844,5,0.0020275982381638717,0.0007904948491200591,5,0.0020275982381638717,0.0007904948491200591,5,0.0009997879512613236,0.0005762275026996447,5,0.0027562521425231285,0.0014838561105645427,5,0.0029064022926732786,0.0014578632126543004,5,690.4,16.379865689315046,5
Hybrid-GraphReg,200,0.6,200,0.1,overall,0.34349523304931046,0.002446124449661308,5,0.21494717534032542,0.0023516007969556036,5,0.8730581354001054,0.00623375551690127,5,0.3469321607026723,0.0026561777321554513,5,0.3175121874356839,0.003322799739746489,5,0.9304879582245238,0.006766390754460112,5,6007.4,3.4351128074635104,5
Hybrid-GraphReg,200,0.6,200,0.1,q1,0.35704861181930136,0.00232523994343602,5,0.2708357078472249,0.001629997209409609,5,0.8713064449644558,0.005580862769141761,5,0.37350767661349904,0.002510524927429791,5,0.3943761765644562,0.0034215969475199334,5,0.928163587415211,0.006341275784472507,5,5941.2,4.147288270665454,5
Hybrid-GraphReg,200,0.6,200,0.1,q2,0.02142517751997269,0.0008889755304086588,5,0.03565037987948931,0.0019529113652074013,5,0.09539229246787387,0.004761999289312155,5,0.03497873467059548,0.0007128130104087486,5,0.076091763200443,0.0015647225214454788,5,0.19542134483946044,0.004317492231152493,5,4440.2,45.146428430164846,5
Hybrid-GraphReg,200,0.6,200,0.1,q3,0.0052720465573959496,0.000835998105964683,5,0.010129667082136045,0.0017075881347786172,5,0.01892918644336105,0.0027686077430756377,5,0.009245637629288397,0.001125905442166881,5,0.02295465164615785,0.0023828814225272795,5,0.04392092542513397,0.004877131037443631,5,2896.4,24.795160818191906,5
Hybrid-GraphReg,200,0.6,200,0.1,q4,0.0017964389959913955,0.0007027208276575497,5,0.003480254464398007,0.001515013779904468,5,0.005485059198153085,0.0012831993958701006,5,0.0027863081513174516,0.0005296825621396357,5,0.0070785642995516455,0.0011325530258227974,5,0.010313275114631749,0.0007591720767516571,5,1647.8,38.15363678602605,5
Hybrid-GraphReg,200,0.6,200,0.1,q5,0.001933781075039363,0.0012261620789559117,5,0.0035648687820853267,0.0020657599332606223,5,0.004080068795852676,0.0026171100046163535,5,0.0022712405096366613,0.0013203324552484787,5,0.004875513127589954,0.002621516669077496,5,0.005540863291507453,0.0033787349266460025,5,690.4,16.379865689315046,5
Hybrid-GraphReg,200,0.6,200,0.3,overall,0.32791307198509834,0.002762493197907855,5,0.20681712416416692,0.003174102735176239,5,0.8624372573793504,0.005708382433971731,5,0.33291762885546666,0.0023882458542386943,5,0.307737410903154,0.0025104652165613846,5,0.9235294970429786,0.00609807932413553,5,6007.4,3.4351128074635104,5
Hybrid-GraphReg,200,0.6,200,0.3,q1,0.3344330462127973,0.0024463897649446083,5,0.25498137860560516,0.002211817107895086,5,0.8535316071771227,0.00517501903005191,5,0.3515145086658752,0.0021971066227154004,5,0.37462899175451775,0.002918993577383294,5,0.9167515382456008,0.00523746976547108,5,5941.2,4.147288270665454,5
Hybrid-GraphReg,200,0.6,200,0.3,q2,0.027146198093774842,0.0013436770858428122,5,0.04306286642500181,0.0029685656231813215,5,0.12201155809996085,0.006115076848849007,5,0.04184817521131723,0.0012770321612404635,5,0.08722435004393964,0.0021747739201853286,5,0.22825431337551372,0.0034705634560005093,5,4440.2,45.146428430164846,5
Hybrid-GraphReg,200,0.6,200,0.3,q3,0.010332005965282828,0.0012267101740406825,5,0.01778599838872614,0.001928534010690973,5,0.0392338454380384,0.0041887051303971315,5,0.01583970851590121,0.0017110450714680242,5,0.03537407556204569,0.003483552872807978,5,0.07333809427016762,0.0050777429326133265,5,2896.4,24.795160818191906,5
Hybrid-GraphReg,200,0.6,200,0.3,q4,0.006385091793133332,0.0012117728730842755,5,0.011298557353482386,0.0023534241180246424,5,0.01917127885705118,0.0035145808981262424,5,0.009268865809468754,0.0016160941817573169,5,0.021275962935950445,0.0036163650405123425,5,0.03514020247637751,0.0060087103255183,5,1647.8,38.15363678602605,5
Hybrid-GraphReg,200,0.6,200,0.3,q5,0.00720740765580997,0.0023785229929283963,5,0.010494826625235692,0.0037948234914166063,5,0.016539396895231526,0.0037993401877812966,5,0.00849601252534055,0.0030615758279558714,5,0.015155499307992454,0.006538721408609799,5,0.023554529538033935,0.006074503072198589,5,690.4,16.379865689315046,5
Hybrid-GraphReg,200,0.6,200,0.5,overall,0.3032258315234002,0.0029460150873524362,5,0.19349625726786016,0.0029617867863856004,5,0.8396985947851666,0.0050636017898776624,5,0.3108426527501903,0.0027215172535148403,5,0.2917558193654424,0.00292021964055034,5,0.911577343412515,0.0065665890540337725,5,6007.4,3.4351128074635104,5
Hybrid-GraphReg,200,0.6,200,0.5,q1,0.3037524843746837,0.0027295495627843954,5,0.23391192409444533,0.002169559969808222,5,0.8229317286323775,0.0040005203311207875,5,0.3223356269310488,0.0024319026077464717,5,0.34883079702731756,0.002878947480155436,5,0.8990784815304794,0.005684955576465773,5,5941.2,4.147288270665454,5
Hybrid-GraphReg,200,0.6,200,0.5,q2,0.030800179255150044,0.00126509913944989,5,0.04787654642360466,0.002044547527186384,5,0.13913018685621084,0.005069240580192714,5,0.04596078761110556,0.0011199300051699635,5,0.09360572258990826,0.0015659961699053821,5,0.24783979169124906,0.00212217793052981,5,4440.2,45.146428430164846,5
Hybrid-GraphReg,200,0.6,200,0.5,q3,0.01457072607939713,0.0016623755259024139,5,0.024011480329603496,0.0029143642218441897,5,0.05408431840121669,0.004285957892652233,5,0.021589315178189395,0.002036227336235909,5,0.04626346137804987,0.0038581521697624707,5,0.09868729122254741,0.005591302811047395,5,2896.4,24.795160818191906,5
Hybrid-GraphReg,200,0.6,200,0.5,q4,0.011027820414924224,0.001606051463710295,5,0.01988285252022508,0.003624347458530007,5,0.033414859697957114,0.005256662559811569,5,0.015153850379575413,0.001216971123674435,5,0.033967395063991594,0.003715757496018115,5,0.056615477974889084,0.0061496046889738774,5,1647.8,38.15363678602605,5
Hybrid-GraphReg,200,0.6,200,0.5,q5,0.01179670234738191,0.004074219064759653,5,0.017145295948066647,0.006172023768450348,5,0.025806860582422535,0.005561911140537149,5,0.014005412878014493,0.0034636582676498885,5,0.025078685148078268,0.0044728078442246196,5,0.03826558643897791,0.00413402532477658,5,690.4,16.379865689315046,5
Hybrid-GraphReg,200,0.6,200,1.0,overall,0.23702619970933392,0.002539282904660833,5,0.1567232127565458,0.0024821941768212825,5,0.7629266077865885,0.0063191318874650775,5,0.24989632471295495,0.002525043916311094,5,0.24466623950122343,0.0028453625890216537,5,0.8654996640713983,0.006870242867846201,5,6007.4,3.4351128074635104,5
Hybrid-GraphReg,200,0.6,200,1.0,q1,0.22806673147302886,0.0018381246641396432,5,0.18153830337357427,0.0015670317945825191,5,0.7260823972297856,0.004385959605835038,5,0.24938726322193377,0.002121194053932336,5,0.28189814344283265,0.002326666715786172,5,0.8378093724410405,0.005357537600836154,5,5941.2,4.147288270665454,5
Hybrid-GraphReg,200,0.6,200,1.0,q2,0.034825852181611425,0.0006809822580544766,5,0.05318529731817685,0.0013260669369851306,5,0.1551955258566524,0.0031833995295108414,5,0.049951359460016484,0.0010363149146409689,5,0.09912362817230853,0.0024128166814831723,5,0.26523111791678966,0.0027834479881222603,5,4440.2,45.146428430164846,5
Hybrid-GraphReg,200,0.6,200,1.0,q3,0.02132215498294757,0.002091839514941075,5,0.03491412790289992,0.0022505265679921504,5,0.08038426435468547,0.003002432796603867,5,0.029594308996518593,0.0024266962561127745,5,0.06113277265846706,0.0030494838827519115,5,0.13292887384654412,0.00455360608130509,5,2896.4,24.795160818191906,5
Hybrid-GraphReg,200,0.6,200,1.0,q4,0.019150042967532845,0.0026215973713248895,5,0.033230605566203185,0.004913687461737308,5,0.05687824063179688,0.007473624668736022,5,0.025225612593552982,0.002445591412581861,5,0.05393990475231637,0.004881419750052304,5,0.08991958746074835,0.007051104545587403,5,1647.8,38.15363678602605,5
Hybrid-GraphReg,200,0.6,200,1.0,q5,0.017242468339859353,0.0035504116352423646,5,0.02604779340654321,0.0044431605715632315,5,0.03973612978163865,0.006429084889237552,5,0.021375216997071563,0.003973989777639162,5,0.040770280857682806,0.006751272639565003,5,0.06232948351633146,0.00960707351656232,5,690.4,16.379865689315046,5
Hybrid-GraphReg,500,0.6,200,0.01,overall,0.3604037104803885,0.0026301105705055818,5,0.2224141586362684,0.002350058672666125,5,0.8778514349275449,0.005037666813794303,5,0.36228137713547004,0.002716937787778448,5,0.3278538891130256,0.003049928850982182,5,0.9333842970464744,0.005976404512678573,5,6007.4,3.4351128074635104,5
Hybrid-GraphReg,500,0.6,200,0.01,q1,0.38035997088807993,0.0024249738507492245,5,0.2854977915550343,0.002365278704671866,5,0.8804613763274223,0.004915774028364568,5,0.39724721232109395,0.0024452014078073995,5,0.41646548105091624,0.0031256576509869276,5,0.9347617490563588,0.00572392249335381,5,5941.2,4.147288270665454,5
Hybrid-GraphReg,500,0.6,200,0.01,q2,0.01307434367552975,0.0005433992866094627,5,0.024063824061360223,0.0012176277449062285,5,0.05669092003933701,0.0037649507222668735,5,0.023628648229526483,0.0006132325581045551,5,0.055704950938595066,0.0018615401421863756,5,0.13405836092837617,0.0025106282433632362,5,4440.2,45.146428430164846,5
Hybrid-GraphReg,500,0.6,200,0.01,q3,0.0017419156980697438,0.00038517385593922916,5,0.003836552054649317,0.0010890249112236062,5,0.005864302127531866,0.0015332849076165056,5,0.0037270138495147584,0.0005689801981490327,5,0.01047190147587165,0.0017964455185165821,5,0.017684576661169783,0.002581570096306632,5,2896.4,24.795160818191906,5
Hybrid-GraphReg,500,0.6,200,0.01,q4,0.00044254543517502457,0.00024909118572348727,5,0.000854975620581055,0.0004121185092116367,5,0.001204732732194231,0.0005844301026766541,5,0.000611492740037744,0.00029181434970585926,5,0.0014743650825893152,0.0007819288146752138,5,0.001817639051607104,0.0007243243170099435,5,1647.8,38.15363678602605,5
Hybrid-GraphReg,500,0.6,200,0.01,q5,0.0,0.0,5,0.0,0.0,5,0.0,0.0,5,7.001823841405299e-05,0.00015656554075860955,5,0.000291970802919708,0.0006528665627736611,5,0.000291970802919708,0.0006528665627736611,5,690.4,16.379865689315046,5
Hybrid-GraphReg,500,0.6,200,0.05,overall,0.36040495730318184,0.0023089738274056013,5,0.22237004158133575,0.0022170975502765456,5,0.8776847021426146,0.004569447465963645,5,0.36263301013519933,0.002686898902293027,5,0.3284729208889599,0.0030782852724800373,5,0.933783869708121,0.006315643864434382,5,6007.4,3.4351128074635104,5
Hybrid-GraphReg,500,0.6,200,0.05,q1,0.3796056634467471,0.0021130302335282537,5,0.28481131770641943,0.001756301063611031,5,0.8797881226152583,0.004624342910437914,5,0.3966441873085534,0.002509280108722734,5,0.416028850935687,0.0030962205967714897,5,0.9348288397674152,0.0057758218231541555,5,5941.2,4.147288270665454,5
Hybrid-GraphReg,500,0.6,200,0.05,q2,0.014132755934006896,0.0005985479626998734,5,0.02525360088453473,0.0013424661740704064,5,0.06106205127497906,0.004032620763848268,5,0.025191130225977625,0.0006069152950878608,5,0.05837053348150669,0.0021473407090766192,5,0.1421728993318488,0.003726856992961784,5,4440.2,45.146428430164846,5
Hybrid-GraphReg,500,0.6,200,0.05,q3,0.002302043453661292,0.0005504194221209849,5,0.004902212028738483,0.0014890210259516361,5,0.007588871730165127,0.0020488096672561713,5,0.0046881794601550935,0.0005918101000341774,5,0.012756935422486773,0.0017914084104452463,5,0.021966486326986067,0.0026800635821608238,5,2896.4,24.795160818191906,5
Hybrid-GraphReg,500,0.6,200,0.05,q4,0.0006345209573613593,0.000304327090826299,5,0.0010840273159450607,0.0005342808515677018,5,0.0014570986627936004,0.0005458673237493823,5,0.0009288286505472474,0.0004253114467113857,5,0.0022076865342831225,0.0011033975016112151,5,0.002785215569846189,0.0008851246876901146,5,1647.8,38.15363678602605,5
Hybrid-GraphReg,500,0.6,200,0.05,q5,0.00022974707888508472,0.000513730086019056,5,0.000583941605839416,0.0013057331255473222,5,0.000583941605839416,0.0013057331255473222,5,0.0005321875083295843,0.000345682938774491,5,0.0017410652868744734,0.0006597679372467167,5,0.0017410652868744734,0.0006597679372467167,5,690.4,16.379865689315046,5
Hybrid-GraphReg,500,0.6,200,0.1,overall,0.3603826949462611,0.0022688204623819703,5,0.22263086293449982,0.0023522776811152513,5,0.8780509692901486,0.005200488137035917,5,0.36276534917806436,0.002610046749903214,5,0.32887108447126207,0.003183117704200828,5,0.9345827494099457,0.0059707242417929495,5,6007.4,3.4351128074635104,5
Hybrid-GraphReg,500,0.6,200,0.1,q1,0.3785617481394639,0.0019343973131777542,5,0.2842149068002115,0.0017838017659742914,5,0.8794515583000821,0.00517156472377583,5,0.3955241259306767,0.0023375881027127353,5,0.4149469646026357,0.0031755560974277078,5,0.9348960097000379,0.005167027580297275,5,5941.2,4.147288270665454,5
Hybrid-GraphReg,500,0.6,200,0.1,q2,0.015632236662130143,0.0006177721148756512,5,0.027348678182859427,0.001211723925280668,5,0.06691717870634939,0.0037890555591808973,5,0.02713858146088998,0.0005008165922581316,5,0.06164121037724185,0.001378679740549678,5,0.15149123947202806,0.0026812401529217092,5,4440.2,45.146428430164846,5
Hybrid-GraphReg,500,0.6,200,0.1,q3,0.0030181308122914823,0.0007001251119778695,5,0.0062954625569106425,0.0016193642187636282,5,0.01007937041533603,0.0023800606938591544,5,0.005618095263596969,0.0008099927264422749,5,0.01471926018381245,0.002382411590392185,5,0.02610982380034637,0.0030805146925104027,5,2896.4,24.795160818191906,5
Hybrid-GraphReg,500,0.6,200,0.1,q4,0.0007730135479518221,0.000375118646429424,5,0.0012842690476965765,0.0005583869723112897,5,0.0018173972759851994,0.0007312655415904943,5,0.0014206085331401634,0.0004646845664324061,5,0.0036655466780833963,0.0013997798919031768,5,0.004735492950530658,0.0008924979034353101,5,1647.8,38.15363678602605,5
Hybrid-GraphReg,500,0.6,200,0.1,q5,0.0008766856267944827,0.0008414450202349751,5,0.0017410652868744734,0.0006597679372467167,5,0.0017410652868744734,0.0006597679372467167,5,0.0010561571667303934,0.0007838704989693721,5,0.0024642813396034205,0.0012013184288491223,5,0.0026144314897535706,0.0012150311959732325,5,690.4,16.379865689315046,5
Hybrid-GraphReg,500,0.6,200,0.3,overall,0.35684171733928255,0.0027697206841212473,5,0.2214753689338353,0.002915587575113412,5,0.878051102119346,0.006318752312102953,5,0.3598454101284923,0.0028426217909618477,5,0.32772817446896657,0.003245326524557954,5,0.9342500759668699,0.006250669107851091,5,6007.4,3.4351128074635104,5
Hybrid-GraphReg,500,0.6,200,0.3,q1,0.370707139404049,0.0024686008734506777,5,0.27915150765706226,0.002626568742392307,5,0.8757482951976373,0.005387391615932989,5,0.3875020057300483,0.002650069549302367,5,0.40780112971699356,0.0034624131655531225,5,0.9320012982564336,0.005657540582551624,5,5941.2,4.147288270665454,5
Hybrid-GraphReg,500,0.6,200,0.3,q2,0.02081098430119898,0.0006578696490290809,5,0.0345924451640446,0.00157544996463383,5,0.09136626028897557,0.002745497829010529,5,0.03372887980607523,0.0006668095295037972,5,0.07309598388865007,0.0018042682723374648,5,0.1845539633908095,0.0025663378550451334,5,4440.2,45.146428430164846,5
Hybrid-GraphReg,500,0.6,200,0.3,q3,0.006039043059854086,0.000946109458447971,5,0.011121785877673571,0.002025306093954012,5,0.02100404116936925,0.003353967323481612,5,0.010171578796396503,0.001162442819522384,5,0.02428972157494374,0.0025296195658747237,5,0.04697100976667011,0.003350478275964643,5,2896.4,24.795160818191906,5
Hybrid-GraphReg,500,0.6,200,0.3,q4,0.002706308762995804,0.0005990684593769754,5,0.0053129887643058905,0.0007805444530789675,5,0.008498577084386406,0.0004427941757728103,5,0.004006031941275731,0.0008633248444759108,5,0.00985833695042834,0.002006098948834479,5,0.014681814998790186,0.0023302572932559916,5,1647.8,38.15363678602605,5
Hybrid-GraphReg,500,0.6,200,0.3,q5,0.003241220899792495,0.001772892703210599,5,0.005488156715971179,0.0029793426280341918,5,0.006715124835872832,0.004059868869993794,5,0.0036368568345832367,0.0017375823000128428,5,0.006848981717278041,0.0033090554686019485,5,0.009008694701176826,0.004362043592151898,5,690.4,16.379865689315046,5
Hybrid-GraphReg,500,0.6,200,0.5,overall,0.34841298754291794,0.0027719666435574715,5,0.21699866925920727,0.0030389815056707744,5,0.8726915414788674,0.00603744698427599,5,0.3526811232315155,0.0026739843366722026,5,0.3232257362796334,0.003115528670511491,5,0.9318859671338877,0.005756695873008421,5,6007.4,3.4351128074635104,5
Hybrid-GraphReg,500,0.6,200,0.5,q1,0.3578444682814995,0.0023415848365915723,5,0.27006949587533624,0.0022326339763120615,5,0.866727669821423,0.0052295668808226975,5,0.3753314428594239,0.0023550982850931578,5,0.39732876122857225,0.0027044044722426626,5,0.9272205255084325,0.005197743748731387,5,5941.2,4.147288270665454,5
Hybrid-GraphReg,500,0.6,200,0.5,q2,0.025345076973334667,0.0012776733467824773,5,0.04051572390586283,0.002748449027832705,5,0.11151050153208031,0.004183511595216118,5,0.03921142994338328,0.0011088193535279227,5,0.08191832590076045,0.0025511310564323895,5,0.21026781331400352,0.003066278780206425,5,4440.2,45.146428430164846,5
Hybrid-GraphReg,500,0.6,200,0.5,q3,0.009196540643807536,0.0010511749968706715,5,0.016464352328358557,0.0023550607538057626,5,0.03447316867473425,0.004315581540922879,5,0.014121081362458845,0.001585097635991735,5,0.03202341626150588,0.0037586328522288986,5,0.06457725072415196,0.005834098895209771,5,2896.4,24.795160818191906,5
Hybrid-GraphReg,500,0.6,200,0.5,q4,0.00495857876224823,0.0009590823690547237,5,0.009128392931351734,0.0019480078217270233,5,0.014810654523610764,0.0022211789772960933,5,0.007298914265379544,0.0011961375519222593,5,0.01722705839811674,0.0025916796394102747,5,0.0274582631568626,0.004231182919618567,5,1647.8,38.15363678602605,5
Hybrid-GraphReg,500,0.6,200,0.5,q5,0.0059482808360102404,0.0020423778621174934,5,0.008753897775759795,0.003051700181160832,5,0.013033697178966176,0.003513915443036946,5,0.0071074311550281865,0.002448570116239398,5,0.012824094925257717,0.00489635486382955,5,0.020635948365091507,0.004438369589858552,5,690.4,16.379865689315046,5
Hybrid-GraphReg,500,0.6,200,1.0,overall,0.31723050263178554,0.0026547048843369478,5,0.2007169001569029,0.0029623480647865685,5,0.8489200571450567,0.005029307137660467,5,0.32435097628562504,0.002561600488370032,5,0.30322389856216764,0.002834507569428867,5,0.9183022389211992,0.0060301243415889685,5,6007.4,3.4351128074635104,5
Hybrid-GraphReg,500,0.6,200,1.0,q1,0.3171710029511991,0.0023958572364046766,5,0.24264569587799842,0.0021230939225628954,5,0.8315825840834549,0.003828348208270442,5,0.33577355123052055,0.0023182609266681714,5,0.3624015047705513,0.002686759902833138,5,0.906551265263551,0.005300876413265698,5,5941.2,4.147288270665454,5
Hybrid-GraphReg,500,0.6,200,1.0,q2,0.03327370694240277,0.0011377399118938927,5,0.0511819462259233,0.0019150629226903186,5,0.14489027340879684,0.004336070040968143,5,0.04896429830648888,0.0012304962733995265,5,0.0983848821714856,0.0026070646808091795,5,0.254260692162373,0.005158274154521199,5,4440.2,45.146428430164846,5
Hybrid-GraphReg,500,0.6,200,1.0,q3,0.01567433798923589,0.0020124326635766908,5,0.026093645028370006,0.003202483160869535,5,0.05740427937551155,0.006029579060352583,5,0.02294303279669564,0.0023868881878747143,5,0.0492465511587924,0.004630876461270695,5,0.10270555538492457,0.005687070549735292,5,2896.4,24.795160818191906,5
Hybrid-GraphReg,500,0.6,200,1.0,q4,0.010828984700136522,0.00141373914365289,5,0.019256730050179072,0.0032483406674121106,5,0.031819041573959685,0.006278071755128498,5,0.015104041901936885,0.0011022883342835645,5,0.03392086574507883,0.003686364488847756,5,0.05550566997255757,0.004719010489998299,5,1647.8,38.15363678602605,5
Hybrid-GraphReg,500,0.6,200,1.0,q5,0.010375016363416764,0.0036673081475285313,5,0.014711092491424835,0.005703420515873854,5,0.022630999975672868,0.004700477644367009,5,0.012776379109590643,0.0032593366552564848,5,0.023474813155025774,0.00561252471689132,5,0.03534258529968047,0.005848214335269015,5,690.4,16.379865689315046,5
