model,ease_lambda,rp3_beta,rp3_topK,gamma,seed,bucket,n_users,NDCG@10,Recall@10,HitRate@10,NDCG@20,Recall@20,HitRate@20
Hybrid-GraphReg,200,0.6,200,0.01,0,overall,6008,0.34829527256440396,0.21866722795106602,0.8809920106524634,0.35149969747338583,0.3216853790467957,0.9372503328894807
Hybrid-GraphReg,200,0.6,200,0.01,0,q1,5945,0.36403304324847846,0.2762134406016213,0.880067283431455,0.38104286800482273,0.40053754491602317,0.935407905803196
Hybrid-GraphReg,200,0.6,200,0.01,0,q2,4408,0.018030033886280574,0.03183020994049291,0.08212341197822141,0.030866335252729506,0.07112770255800697,0.17445553539019965
Hybrid-GraphReg,200,0.6,200,0.01,0,q3,2895,0.00242751528354488,0.004726016643115088,0.007944732297063902,0.005294703908109369,0.01433316635389174,0.024870466321243522
Hybrid-GraphReg,200,0.6,200,0.01,0,q4,1659,0.0008993879423239869,0.0011251758087201125,0.0024110910186859553,0.0011785194444720226,0.0023307213180630898,0.003616636528028933
Hybrid-GraphReg,200,0.6,200,0.01,0,q5,693,0.0,0.0,0.0,0.0,0.0,0.0
Hybrid-GraphReg,200,0.6,200,0.05,0,overall,6008,0.34761966816585105,0.21844721728041902,0.8804926764314248,0.3510207289981908,0.32162758107229394,0.9370838881491345
Hybrid-GraphReg,200,0.6,200,0.05,0,q1,5945,0.36184173343615034,0.27449835642431264,0.8787216148023549,0.3789440361720036,0.39896353436035037,0.9345668629100085
Hybrid-GraphReg,200,0.6,200,0.05,0,q2,4408,0.020127862921940038,0.03504818631668176,0.09006352087114337,0.03287224294935731,0.07374292140995568,0.18352994555353902
Hybrid-GraphReg,200,0.6,200,0.05,0,q3,2895,0.0033264000712036864,0.00677552729366201,0.011398963730569948,0.00675114489850869,0.017761551327537307,0.03316062176165803
Hybrid-GraphReg,200,0.6,200,0.05,0,q4,1659,0.0013487727658996326,0.0023307213180630906,0.003616636528028933,0.001998455659685912,0.004842274462527627,0.006027727546714889
Hybrid-GraphReg,200,0.6,200,0.05,0,q5,693,0.000514007485004361,0.001443001443001443,0.001443001443001443,0.000514007485004361,0.001443001443001443,0.001443001443001443
Hybrid-GraphReg,200,0.6,200,0.1,0,overall,6008,0.3460788584652587,0.21760949087391723,0.8806591211717709,0.35014733888912536,0.32156113287714766,0.9365845539280959
Hybrid-GraphReg,200,0.6,200,0.1,0,q1,5945,0.358559818679197,0.27198171678316485,0.8772077375946173,0.3759489398378044,0.3965836366300818,0.9338940285954583
Hybrid-GraphReg,200,0.6,200,0.1,0,q2,4408,0.022212350091907012,0.037904907734012235,0.09891107078039928,0.035582656610465814,0.07837526042305774,0.19668784029038114
Hybrid-GraphReg,200,0.6,200,0.1,0,q3,2895,0.004520423757886553,0.009019285111177828,0.017271157167530225,0.008816893055848556,0.022701482659574706,0.044905008635578586
Hybrid-GraphReg,200,0.6,200,0.1,0,q4,1659,0.001841013790889412,0.0032511716056019854,0.0054249547920434,0.0028395178770308656,0.00674725358269662,0.0108499095840868
Hybrid-GraphReg,200,0.6,200,0.1,0,q5,693,0.000910432544836158,0.001443001443001443,0.001443001443001443,0.000910432544836158,0.001443001443001443,0.001443001443001443
Hybrid-GraphReg,200,0.6,200,0.3,0,overall,6008,0.33201165647407443,0.21146707563503317,0.8695073235685752,0.33592744077414477,0.3098763018738261,0.9289280958721704
Hybrid-GraphReg,200,0.6,200,0.3,0,q1,5945,0.3372238388240007,0.25792857385710466,0.8592094196804037,0.35364891543972254,0.37506691276049914,0.9217830109335576
Hybrid-GraphReg,200,0.6,200,0.3,0,q2,4408,0.028836799326191376,0.04615224101842556,0.12522686025408347,0.04285123432511936,0.08774620321967024,0.23049001814882034
Hybrid-GraphReg,200,0.6,200,0.3,0,q3,2895,0.010246779757431691,0.018556382381545267,0.04145077720207254,0.015249873186939584,0.03455397042684823,0.07115716753022452
Hybrid-GraphReg,200,0.6,200,0.3,0,q4,1659,0.0067188404684575855,0.012339645251037657,0.022905364677516575,0.009927259422250673,0.023677087058642212,0.04038577456298975
Hybrid-GraphReg,200,0.6,200,0.3,0,q5,693,0.00362145305331092,0.005582380582380582,0.012987012987012988,0.004488120979111706,0.00870888370888371,0.017316017316017316
Hybrid-GraphReg,200,0.6,200,0.5,0,overall,6008,0.30768552084111395,0.1983330626815209,0.8457057256990679,0.3146780544327085,0.2938492452542014,0.9157789613848203
Hybrid-GraphReg,200,0.6,200,0.5,0,q1,5945,0.3068961694293711,0.2374308958039712,0.8272497897392767,0.32517601619984743,0.3495955155547451,0.9039529015979815
Hybrid-GraphReg,200,0.6,200,0.5,0,q2,4408,0.03231363489870522,0.05045461474523301,0.14292196007259528,0.04714393380434646,0.09457826668336272,0.24977313974591653
Hybrid-GraphReg,200,0.6,200,0.5,0,q3,2895,0.014764413679843302,0.025155401286263653,0.05561312607944732,0.02152200652740169,0.046558479246543896,0.09948186528497409
Hybrid-GraphReg,200,0.6,200,0.5,0,q4,1659,0.012216684125923756,0.023564135046956022,0.039783001808318265,0.01639615695684287,0.03821755128265074,0.0644966847498493
Hybrid-GraphReg,200,0.6,200,0.5,0,q5,693,0.005784241640460961,0.00834813334813335,0.017316017316017316,0.009560964426351699,0.02216368287796859,0.03751803751803752
Hybrid-GraphReg,200,0.6,200,1.0,0,overall,6008,0.24126016429954264,0.16067261672583624,0.7711384820239681,0.25392437608809837,0.248674598203463,0.8748335552596538
Hybrid-GraphReg,200,0.6,200,1.0,0,q1,5945,0.23118967686682484,0.18411942937619521,0.7315391084945332,0.252706502276927,0.28520452964015086,0.8459209419680404
Hybrid-GraphReg,200,0.6,200,1.0,0,q2,4408,0.03552119253868386,0.05465345500173946,0.1569872958257713,0.05117385086405491,0.10216391853584385,0.2690562613430127
Hybrid-GraphReg,200,0.6,200,1.0,0,q3,2895,0.020931414703202415,0.034276833073642925,0.07841105354058722,0.029207768739056575,0.06079867555943579,0.1316062176165803
Hybrid-GraphReg,200,0.6,200,1.0,0,q4,1659,0.02261231077272492,0.03830095706225905,0.06570223025919228,0.027818049028155545,0.05620218536131737,0.09342977697408077
Hybrid-GraphReg,200,0.6,200,1.0,0,q5,693,0.012973734178010753,0.0223830402401831,0.03607503607503607,0.01680972809851006,0.03563169634598206,0.05627705627705628
Hybrid-GraphReg,500,0.6,200,0.01,0,overall,6008,0.3635688235305321,0.22541514131915863,0.8856524633821571,0.365490920466741,0.3319237913546891,0.9374167776298269
Hybrid-GraphReg,500,0.6,200,0.01,0,q1,5945,0.38259391160777534,0.28779169547994177,0.8881412952060556,0.3995983303271942,0.41886300275380334,0.9382674516400337
Hybrid-GraphReg,500,0.6,200,0.01,0,q2,4408,0.012954766009039807,0.023440010894113697,0.05694192377495463,0.02455013350959619,0.05882593452281753,0.13566243194192376
Hybrid-GraphReg,500,0.6,200,0.01,0,q3,2895,0.0013654746279018397,0.0024179620034542313,0.0037996545768566492,0.003201162373352171,0.008711940525412028,0.015198618307426597
Hybrid-GraphReg,500,0.6,200,0.01,0,q4,1659,0.0005394803352284801,0.0009041591320072332,0.0012055455093429777,0.0005394803352284801,0.0009041591320072332,0.0012055455093429777
Hybrid-GraphReg,500,0.6,200,0.01,0,q5,693,0.0,0.0,0.0,0.0,0.0,0.0
Hybrid-GraphReg,500,0.6,200,0.05,0,overall,6008,0.36304676995066815,0.22508945219452547,0.8851531291611185,0.3655629871724357,0.33264901673756486,0.9385818908122503
Hybrid-GraphReg,500,0.6,200,0.05,0,q1,5945,0.38138202714928643,0.28688854621794213,0.8873002523128679,0.3986470705655549,0.4184144752298374,0.9387720773759461
Hybrid-GraphReg,500,0.6,200,0.05,0,q2,4408,0.01400137783462952,0.02499339631573334,0.06102540834845735,0.02604329402095051,0.06151427697154402,0.14496370235934664
Hybrid-GraphReg,500,0.6,200,0.05,0,q3,2895,0.0015798876590610962,0.0028785261945883708,0.004490500863557859,0.0039750224560925855,0.010758310965564852,0.01865284974093264
Hybrid-GraphReg,500,0.6,200,0.05,0,q4,1659,0.0007875669658726517,0.0009041591320072332,0.0012055455093429777,0.0010634523881095956,0.0018284106891701829,0.0030138637733574444
Hybrid-GraphReg,500,0.6,200,0.05,0,q5,693,0.0,0.0,0.0,0.00034604973530754903,0.001443001443001443,0.001443001443001443
Hybrid-GraphReg,500,0.6,200,0.1,0,overall,6008,0.3630375050626925,0.2256927853521332,0.8864846870838882,0.3657058164603674,0.332943989591891,0.9387483355525965
Hybrid-GraphReg,500,0.6,200,0.1,0,q1,5945,0.38031624693136223,0.2865137717268213,0.887636669470143,0.3975950078722581,0.41740281071538476,0.9382674516400337
Hybrid-GraphReg,500,0.6,200,0.1,0,q2,4408,0.015686535959949545,0.027443825967260194,0.06715063520871144,0.027750866204831536,0.06332054693504664,0.15335753176043557
Hybrid-GraphReg,500,0.6,200,0.1,0,q3,2895,0.0023266493634981748,0.004780970325011775,0.007253886010362694,0.004732582754022411,0.0122865906712295,0.02383419689119171
Hybrid-GraphReg,500,0.6,200,0.1,0,q4,1659,0.0010810187385435373,0.0016073940124573037,0.0024110910186859553,0.0016349643611387142,0.0036367289531846494,0.004822182037371911
Hybrid-GraphReg,500,0.6,200,0.1,0,q5,693,0.000514007485004361,0.001443001443001443,0.001443001443001443,0.000514007485004361,0.001443001443001443,0.001443001443001443
Hybrid-GraphReg,500,0.6,200,0.3,0,overall,6008,0.3603091695950875,0.22530102577800828,0.887982689747004,0.36300625407334053,0.3313573441084979,0.9375832223701731
Hybrid-GraphReg,500,0.6,200,0.3,0,q1,5945,0.37295437184551733,0.28225573644716995,0.8844407064760302,0.38957206405816003,0.4095806982659504,0.935407905803196
Hybrid-GraphReg,500,0.6,200,0.3,0,q2,4408,0.021469765591809735,0.03553591652456317,0.09392014519056262,0.03463198115199835,0.07546865926569771,0.1869328493647913
Hybrid-GraphReg,500,0.6,200,0.3,0,q3,2895,0.005211977870382496,0.00954244350312622,0.01934369602763385,0.00942244190730957,0.02264350519579991,0.0459412780656304
Hybrid-GraphReg,500,0.6,200,0.3,0,q4,1659,0.003072282916844312,0.005300598971485048,0.009041591320072333,0.004304163391616136,0.00928894536489473,0.0162748643761302
Hybrid-GraphReg,500,0.6,200,0.3,0,q5,693,0.001443001443001443,0.001443001443001443,0.001443001443001443,0.0018329554897941122,0.002886002886002886,0.002886002886002886
Hybrid-GraphReg,500,0.6,200,0.5,0,overall,6008,0.352246491398342,0.2210582209600187,0.8804926764314248,0.3561589094207047,0.32721517493006913,0.9360852197070573
Hybrid-GraphReg,500,0.6,200,0.5,0,q1,5945,0.3601923214297381,0.27251714704157964,0.8735071488645921,0.37773323017719956,0.3991978148789428,0.9317073170731708
Hybrid-GraphReg,500,0.6,200,0.5,0,q2,4408,0.02688338731510279,0.04362197940217107,0.11456442831215971,0.0405645622529845,0.08495144680307216,0.2118874773139746
Hybrid-GraphReg,500,0.6,200,0.5,0,q3,2895,0.00894693995395986,0.016311582098408963,0.03557858376511226,0.01329978464620094,0.030181131838430304,0.06217616580310881
Hybrid-GraphReg,500,0.6,200,0.5,0,q4,1659,0.004803344224317819,0.007758572315534341,0.01567209162145871,0.008202597142955431,0.0200240669499259,0.03375527426160337
Hybrid-GraphReg,500,0.6,200,0.5,0,q5,693,0.002993301875864725,0.004083879083879084,0.008658008658008658,0.00440428575519481,0.008588633588633588,0.01875901875901876
Hybrid-GraphReg,500,0.6,200,1.0,0,overall,6008,0.3212165729945436,0.20509262383627727,0.855525965379494,0.32827345497487964,0.3070170369172012,0.9231025299600533
Hybrid-GraphReg,500,0.6,200,1.0,0,q1,5945,0.31992502301150205,0.24558226340184378,0.8373423044575273,0.3388263651651125,0.36488649927564976,0.9108494533221194
Hybrid-GraphReg,500,0.6,200,1.0,0,q2,4408,0.034571405846091134,0.05407464186253176,0.14904718693284935,0.05002834112458406,0.09954882577400467,0.25930127041742285
Hybrid-GraphReg,500,0.6,200,1.0,0,q3,2895,0.01472254115110922,0.025547670125772585,0.056649395509499136,0.022144875719778134,0.049426731151883334,0.10328151986183075
Hybrid-GraphReg,500,0.6,200,1.0,0,q4,1659,0.012536754231511968,0.02396598355007035,0.04159132007233273,0.0160868325731776,0.036671630523348424,0.06027727546714889
Hybrid-GraphReg,500,0.6,200,1.0,0,q5,693,0.005176967840654397,0.006905131905131905,0.015873015873015872,0.008252687393703672,0.017834678548964263,0.030303030303030304
Hybrid-GraphReg,200,0.6,200,0.01,1,overall,6006,0.34638122981104025,0.21550277833923875,0.8719613719613719,0.3491674112091732,0.3175801839584669,0.9307359307359307
Hybrid-GraphReg,200,0.6,200,0.01,1,q1,5944,0.3640163594659059,0.27539765585376896,0.8721399730820996,0.38011729470836936,0.39986743717480516,0.9301816958277255
Hybrid-GraphReg,200,0.6,200,0.01,1,q2,4502,0.015848216620088174,0.027672187883315855,0.07063527321190582,0.029171208859842077,0.06658759565630488,0.1685917370057752
Hybrid-GraphReg,200,0.6,200,0.01,1,q3,2861,0.003080125930972107,0.006687373560844375,0.01048584411045089,0.00638461258037101,0.017953766055160053,0.030059419783292556
Hybrid-GraphReg,200,0.6,200,0.01,1,q4,1641,0.00018682120437704398,0.0003046922608165753,0.0006093845216331506,0.0006322575442707117,0.001980499695307739,0.0030469226081657527
Hybrid-GraphReg,200,0.6,200,0.01,1,q5,685,0.00046053266684047996,0.00145985401459854,0.00145985401459854,0.0008439626449969669,0.00291970802919708,0.00291970802919708
Hybrid-GraphReg,200,0.6,200,0.05,1,overall,6006,0.3463134786148876,0.21538427236169005,0.8719613719613719,0.3491975509963703,0.31743659656669104,0.9295704295704296
Hybrid-GraphReg,200,0.6,200,0.05,1,q1,5944,0.3622473458209159,0.2738170459521323,0.870457604306864,0.3784930335469293,0.3980254184389677,0.9283310901749664
Hybrid-GraphReg,200,0.6,200,0.05,1,q2,4502,0.018190580502077915,0.03080671321681764,0.07996446023989338,0.03161548167603132,0.07023537393629621,0.1776988005330964
Hybrid-GraphReg,200,0.6,200,0.05,1,q3,2861,0.0045784231737377315,0.009652051800776024,0.016777350576721427,0.0083042442279684,0.022209201772497203,0.03774903879762321
Hybrid-GraphReg,200,0.6,200,0.05,1,q4,1641,0.0004118937437857584,0.0009140767824497258,0.001218769043266301,0.0010390604082674826,0.0030469226081657527,0.0042656916514320535
Hybrid-GraphReg,200,0.6,200,0.05,1,q5,685,0.001549790235977884,0.00291970802919708,0.00291970802919708,0.0018821555625427788,0.004379562043795621,0.004379562043795621
Hybrid-GraphReg,200,0.6,200,0.1,1,overall,6006,0.34503849576986917,0.21471567097820035,0.8711288711288712,0.34815346690778615,0.3168425452691633,0.9302364302364302
Hybrid-GraphReg,200,0.6,200,0.1,1,q1,5944,0.3592753495976853,0.27162312596842825,0.8679340511440108,0.3756971056113662,0.39558439105278126,0.9278263795423957
Hybrid-GraphReg,200,0.6,200,0.1,1,q2,4502,0.020035510766105505,0.03365258507667713,0.0888494002665482,0.033993928822152956,0.07519662559348535,0.19035984007107953
Hybrid-GraphReg,200,0.6,200,0.1,1,q3,2861,0.006125136415741834,0.012560833279113602,0.022719328905976933,0.009649395815028928,0.024200894643047737,0.043691017126878715
Hybrid-GraphReg,200,0.6,200,0.1,1,q4,1641,0.0013131261463624738,0.0029094395148704685,0.005484460694698354,0.0021729113012439695,0.006123571290557512,0.009750152346130409
Hybrid-GraphReg,200,0.6,200,0.1,1,q5,685,0.003548432931494004,0.004379562043795621,0.004379562043795621,0.003922094281581326,0.00583941605839416,0.00583941605839416
Hybrid-GraphReg,200,0.6,200,0.3,1,overall,6006,0.3283261938566374,0.2059477623138395,0.860972360972361,0.333739721409023,0.3073184018815116,0.9227439227439227
Hybrid-GraphReg,200,0.6,200,0.3,1,q1,5944,0.33577292190837355,0.25599976394573704,0.8514468371467026,0.3531756553892705,0.375771796452663,0.9155450874831763
Hybrid-GraphReg,200,0.6,200,0.3,1,q2,4502,0.025575981564818447,0.040518815161096434,0.11461572634384717,0.041314262308987736,0.08806014513967157,0.22478898267436695
Hybrid-GraphReg,200,0.6,200,0.3,1,q3,2861,0.011289483877520882,0.019470519239524767,0.04264243271583362,0.01658152399448032,0.03676794794201859,0.0740999650471863
Hybrid-GraphReg,200,0.6,200,0.3,1,q4,1641,0.004586760726740789,0.007687286653488107,0.01340645947592931,0.007275801125909627,0.016905011670836696,0.028641072516758074
Hybrid-GraphReg,200,0.6,200,0.3,1,q5,685,0.008365674954593443,0.011025739531310027,0.013138686131386862,0.011239886125073609,0.02173133563836599,0.027737226277372264
Hybrid-GraphReg,200,0.6,200,0.5,1,overall,6006,0.3030358973334183,0.1920155898179179,0.837995337995338,0.310989984818091,0.291298639625734,0.9099234099234099
Hybrid-GraphReg,200,0.6,200,0.5,1,q1,5944,0.3045457200847347,0.23408976714693777,0.8215006729475101,0.32334741581103277,0.34956974355104414,0.897207267833109
Hybrid-GraphReg,200,0.6,200,0.5,1,q2,4502,0.029394432590113123,0.045872256583851294,0.13216348289649044,0.04550014253578109,0.0943860793080208,0.24478009773434029
Hybrid-GraphReg,200,0.6,200,0.5,1,q3,2861,0.015531268357864603,0.02567843500437563,0.05662355819643481,0.02252965492324275,0.048281394605797466,0.09926599091226844
Hybrid-GraphReg,200,0.6,200,0.5,1,q4,1641,0.008534812462863254,0.0163710160867605,0.027422303473491772,0.013833436727564733,0.03437556190382319,0.056672760511883
Hybrid-GraphReg,200,0.6,200,0.5,1,q5,685,0.014771420523204695,0.018811627609168907,0.024817518248175182,0.016574456768276555,0.02538097067486234,0.033576642335766425
Hybrid-GraphReg,200,0.6,200,1.0,1,overall,6006,0.23609619121472436,0.1546119225655471,0.7610722610722611,0.24972739541299988,0.243426399887273,0.8656343656343657
Hybrid-GraphReg,200,0.6,200,1.0,1,q1,5944,0.22784371925664693,0.18024412747221719,0.7244279946164199,0.25003260294569607,0.2823383624141163,0.8371467025572006
Hybrid-GraphReg,200,0.6,200,1.0,1,q2,4502,0.03416677207713496,0.053342810680396986,0.1505997334517992,0.04952749748524246,0.09910463654224892,0.26321634828964907
Hybrid-GraphReg,200,0.6,200,1.0,1,q3,2861,0.02135537193488986,0.036259257991529334,0.08213911219853198,0.029370646157219977,0.06113838550330433,0.13351974833974134
Hybrid-GraphReg,200,0.6,200,1.0,1,q4,1641,0.017015650619123242,0.028479873442418587,0.050578915295551495,0.02403494070713918,0.05213547820121663,0.08653260207190737
Hybrid-GraphReg,200,0.6,200,1.0,1,q5,685,0.01958814295071182,0.024286080163913433,0.032116788321167884,0.02326042884858881,0.037485593545908566,0.052554744525547446
Hybrid-GraphReg,500,0.6,200,0.01,1,overall,6006,0.3623395158290866,0.222934919234701,0.8774558774558775,0.3635956049450233,0.3277309213050913,0.9352314352314353
Hybrid-GraphReg,500,0.6,200,0.01,1,q1,5944,0.38298084443912866,0.28742249480878346,0.8787012113055181,0.3991248281849673,0.41766798391104193,0.9355652759084792
Hybrid-GraphReg,500,0.6,200,0.01,1,q2,4502,0.01228322380516355,0.022666828301295197,0.0519768991559307,0.02327957993512024,0.05537223369851509,0.13282985339848957
Hybrid-GraphReg,500,0.6,200,0.01,1,q3,2861,0.0018098649002118,0.004156472096003728,0.005592450192240475,0.004416680639547181,0.01300752191612031,0.02132121635791681
Hybrid-GraphReg,500,0.6,200,0.01,1,q4,1641,0.00016091902655246244,0.0003046922608165753,0.0006093845216331506,0.00031000528012846857,0.0009140767824497258,0.001218769043266301
Hybrid-GraphReg,500,0.6,200,0.01,1,q5,685,0.0,0.0,0.0,0.00035009119207026493,0.00145985401459854,0.00145985401459854
Hybrid-GraphReg,500,0.6,200,0.05,1,overall,6006,0.36196102828925425,0.22224786254623108,0.8762903762903763,0.3640813008900878,0.32830570998370784,0.9358974358974359
Hybrid-GraphReg,500,0.6,200,0.05,1,q1,5944,0.3817354825189246,0.28551134694360936,0.8773553162853297,0.3988281221751716,0.4173877884518468,0.9362382234185733
Hybrid-GraphReg,500,0.6,200,0.05,1,q2,4502,0.013280953105129367,0.023859730035230963,0.056419369169258105,0.024758529520274603,0.05827432961136096,0.14104842292314526
Hybrid-GraphReg,500,0.6,200,0.05,1,q3,2861,0.00227332917535755,0.004718144393957046,0.006990562740300594,0.005220681094889687,0.014592049470588443,0.02516602586508214
Hybrid-GraphReg,500,0.6,200,0.05,1,q4,1641,0.00018682120437704398,0.0003046922608165753,0.0006093845216331506,0.0004287714424431074,0.001218769043266301,0.0018281535648994515
Hybrid-GraphReg,500,0.6,200,0.05,1,q5,685,0.0011487353944254236,0.00291970802919708,0.00291970802919708,0.0011487353944254236,0.00291970802919708,0.00291970802919708
Hybrid-GraphReg,500,0.6,200,0.1,1,overall,6006,0.36170291746660915,0.22225611730528547,0.8761238761238761,0.36405969772969465,0.3286870293591715,0.9362304362304362
Hybrid-GraphReg,500,0.6,200,0.1,1,q1,5944,0.3803372759446663,0.2844031930756976,0.8763458950201884,0.3973866950729145,0.41603167940144553,0.9365746971736204
Hybrid-GraphReg,500,0.6,200,0.1,1,q2,4502,0.01462157340481381,0.026029362617692568,0.06130608618391826,0.026844066732150364,0.062252873111661534,0.15082185695246558
Hybrid-GraphReg,500,0.6,200,0.1,1,q3,2861,0.0035398035231158,0.007448568170343773,0.01188395665851101,0.006408153335628214,0.017098873591358737,0.029709891646277527
Hybrid-GraphReg,500,0.6,200,0.1,1,q4,1641,0.00023574211287906254,0.0003046922608165753,0.0006093845216331506,0.0009966887178360377,0.0030469226081657527,0.0042656916514320535
Hybrid-GraphReg,500,0.6,200,0.1,1,q5,685,0.0023809193482795,0.00291970802919708,0.00291970802919708,0.0023809193482795,0.00291970802919708,0.00291970802919708
Hybrid-GraphReg,500,0.6,200,0.3,1,overall,6006,0.3583952619321143,0.22142216860224936,0.8776223776223776,0.36131532300883673,0.32719538251402175,0.9355644355644356
Hybrid-GraphReg,500,0.6,200,0.3,1,q1,5944,0.3728856517086072,0.28004830467891634,0.8733176312247645,0.3898687544338329,0.4088654581183359,0.9330417227456258
Hybrid-GraphReg,500,0.6,200,0.3,1,q2,4502,0.01981291866673442,0.03370296002560169,0.08862727676588184,0.03327196840858376,0.07362171653420885,0.1836961350510884
Hybrid-GraphReg,500,0.6,200,0.3,1,q3,2861,0.006971609853441451,0.013991658075894357,0.02551555400209717,0.011011299860589687,0.0271302519764596,0.050681579867179305
Hybrid-GraphReg,500,0.6,200,0.3,1,q4,1641,0.0020841142436941454,0.0044626268931793524,0.007921998781230956,0.0029133538052683668,0.007631426405671735,0.01157830591102986
Hybrid-GraphReg,500,0.6,200,0.3,1,q5,685,0.005288172495841199,0.0072992700729927005,0.0072992700729927005,0.005288172495841199,0.0072992700729927005,0.0072992700729927005
Hybrid-GraphReg,500,0.6,200,0.5,1,overall,6006,0.3481510865779319,0.2155423777951969,0.8696303696303697,0.35298671808086246,0.3220586919171999,0.9333999333999334
Hybrid-GraphReg,500,0.6,200,0.5,1,q1,5944,0.35808599382820877,0.26937283343496365,0.8628869448183042,0.3762574275189915,0.397799577853538,0.9283310901749664
Hybrid-GraphReg,500,0.6,200,0.5,1,q2,4502,0.024073854536536092,0.03884430402287622,0.10772989782318969,0.03896737973646593,0.08310930662535548,0.21123944913371834
Hybrid-GraphReg,500,0.6,200,0.5,1,q3,2861,0.010295250703132412,0.01957551523420527,0.03914715134568333,0.015216055105305933,0.035220151272798886,0.06780845858091576
Hybrid-GraphReg,500,0.6,200,0.5,1,q4,1641,0.003748961577901034,0.007001729066650813,0.010968921389396709,0.006016274981152257,0.01491319986326006,0.024984765386959172
Hybrid-GraphReg,500,0.6,200,0.5,1,q5,685,0.0071595869798114576,0.00948905109489051,0.010218978102189781,0.008460974247005402,0.014310411064156741,0.01897810218978102
Hybrid-GraphReg,500,0.6,200,1.0,1,overall,6006,0.3170125366478022,0.1992156064299166,0.8458208458208458,0.3242814784128159,0.3022201519003083,0.919080919080919
Hybrid-GraphReg,500,0.6,200,1.0,1,q1,5944,0.31777026149984056,0.24232080923151472,0.8280619111709286,0.3367285968584606,0.362932449816185,0.9071332436069987
Hybrid-GraphReg,500,0.6,200,1.0,1,q2,4502,0.031937200245780624,0.050099771865926075,0.13838294091514883,0.04806849933720314,0.09820035132710396,0.24722345624167036
Hybrid-GraphReg,500,0.6,200,1.0,1,q3,2861,0.017398374592226103,0.02915347854408187,0.06256553652569032,0.02476067281495557,0.052954814024935154,0.10730513806361412
Hybrid-GraphReg,500,0.6,200,1.0,1,q4,1641,0.008687940496509054,0.01604554935361552,0.025594149908592323,0.014173262059184222,0.03507081424441374,0.056672760511883
Hybrid-GraphReg,500,0.6,200,1.0,1,q5,685,0.014132569647743036,0.018811627609168907,0.024817518248175182,0.015422054306120732,0.023556153156614162,0.030656934306569343
Hybrid-GraphReg,200,0.6,200,0.01,2,overall,6004,0.34372003426421655,0.2154647929051077,0.8769153897401732,0.34694268837934567,0.3183650002476228,0.9363757495003331
Hybrid-GraphReg,200,0.6,200,0.01,2,q1,5935,0.3600609937823012,0.2746411360691855,0.8786857624262847,0.3766910186338621,0.4000273224039017,0.9361415332771693
Hybrid-GraphReg,200,0.6,200,0.01,2,q2,4474,0.01747298330239603,0.030050849524892648,0.07532409476978096,0.029573866704380072,0.0658752925798059,0.170317389360751
Hybrid-GraphReg,200,0.6,200,0.01,2,q3,2899,0.003570565333699629,0.007718589332939109,0.011728182131769576,0.006388552883668635,0.016752245311228497,0.03001034839599862
Hybrid-GraphReg,200,0.6,200,0.01,2,q4,1585,0.0005734674072690359,0.0015772870662460567,0.0018927444794952682,0.000963518524237049,0.0031545741324921135,0.0031545741324921135
Hybrid-GraphReg,200,0.6,200,0.01,2,q5,666,0.0,0.0,0.0,0.00039436867122701736,0.0015015015015015015,0.0015015015015015015
Hybrid-GraphReg,200,0.6,200,0.05,2,overall,6004,0.3429154557336419,0.2153261697299143,0.8780812791472352,0.34721633619631,0.31976238986390754,0.9373750832778148
Hybrid-GraphReg,200,0.6,200,0.05,2,q1,5935,0.35799744775762943,0.27383030411821696,0.8786857624262847,0.37539900758045885,0.399886876714396,0.9363100252737995
Hybrid-GraphReg,200,0.6,200,0.05,2,q2,4474,0.01909405234341357,0.031697071234503674,0.0813589628967367,0.03170577283142118,0.06926847039629538,0.17970496200268216
Hybrid-GraphReg,200,0.6,200,0.05,2,q3,2899,0.004599044407924844,0.008460804121579643,0.014487754398068299,0.008261669118664463,0.02008964035265941,0.03621938599517075
Hybrid-GraphReg,200,0.6,200,0.05,2,q4,1585,0.0010200508878373535,0.0028391167192429023,0.0031545741324921135,0.0019274495526356477,0.006098843322818086,0.00694006309148265
Hybrid-GraphReg,200,0.6,200,0.05,2,q5,666,0.0006466614986086983,0.0015015015015015015,0.0015015015015015015,0.00087682185625339,0.0022522522522522522,0.003003003003003003
Hybrid-GraphReg,200,0.6,200,0.1,2,overall,6004,0.3418102760532323,0.21459361255019177,0.8782478347768155,0.346872210149061,0.3201297019753323,0.9373750832778148
Hybrid-GraphReg,200,0.6,200,0.1,2,q1,5935,0.3548121101663038,0.2711957128175077,0.8773378264532434,0.3726782588454287,0.39810413667656047,0.934793597304128
Hybrid-GraphReg,200,0.6,200,0.1,2,q2,4474,0.021221979088184448,0.0338938145087941,0.09208761734465802,0.034697183595534725,0.07429022576061724,0.19333929369691552
Hybrid-GraphReg,200,0.6,200,0.1,2,q3,2899,0.006066041566453789,0.010688797687138471,0.020351845463953088,0.01100961960547531,0.02633940566657912,0.05139703345981373
Hybrid-GraphReg,200,0.6,200,0.1,2,q4,1585,0.0028959435472319423,0.005803101997896951,0.007570977917981073,0.003390595345370191,0.0077747108307045214,0.010094637223974764
Hybrid-GraphReg,200,0.6,200,0.1,2,q5,666,0.001897166206521481,0.0045045045045045045,0.006006006006006006,0.0025081871440258805,0.006756756756756757,0.009009009009009009
Hybrid-GraphReg,200,0.6,200,0.3,2,overall,6004,0.32603817837393956,0.20637533177235845,0.867255163224517,0.3330868956018236,0.3105711777979839,0.930379746835443
Hybrid-GraphReg,200,0.6,200,0.3,2,q1,5935,0.3316724019281248,0.2541879950072455,0.8588037068239258,0.35081652117157586,0.3785875767941176,0.9226621735467565
Hybrid-GraphReg,200,0.6,200,0.3,2,q2,4474,0.026041786872138047,0.0404206080189478,0.11935628073312472,0.040409434543835825,0.08339317558364132,0.2253017434063478
Hybrid-GraphReg,200,0.6,200,0.3,2,q3,2899,0.011674651102497586,0.018986805769897086,0.04208347706105554,0.018436158977268913,0.04069385789177219,0.0817523283890997
Hybrid-GraphReg,200,0.6,200,0.3,2,q4,1585,0.00796447140397354,0.013805956136397776,0.02018927444794953,0.011588221224229794,0.025809760691464158,0.04227129337539432
Hybrid-GraphReg,200,0.6,200,0.3,2,q5,666,0.00992621015658216,0.01529029029029029,0.021021021021021023,0.01168624261323089,0.021755088421755088,0.03003003003003003
Hybrid-GraphReg,200,0.6,200,0.5,2,overall,6004,0.3014775628459487,0.19275672349428058,0.8444370419720186,0.3109248613072227,0.29535310774706425,0.9207195203197868
Hybrid-GraphReg,200,0.6,200,0.5,2,q1,5935,0.3010335934011641,0.23233575278268698,0.8271272114574558,0.3215272297209334,0.35280936074236435,0.9061499578770008
Hybrid-GraphReg,200,0.6,200,0.5,2,q2,4474,0.029973444217021222,0.04571637687478902,0.1358962896736701,0.04476569997158213,0.09090181943970387,0.2474295932051855
Hybrid-GraphReg,200,0.6,200,0.5,2,q3,2899,0.016709146109092462,0.027333304980385907,0.05898585719213522,0.024500518807313968,0.051461302628411,0.10727837185236289
Hybrid-GraphReg,200,0.6,200,0.5,2,q4,1585,0.012648925667746348,0.023927820339492267,0.03785488958990536,0.016335439392194628,0.03591481205440196,0.05993690851735016
Hybrid-GraphReg,200,0.6,200,0.5,2,q5,666,0.014830679122934284,0.023173173173173172,0.03003003003003003,0.016740674673310273,0.02988822155488822,0.042042042042042045
Hybrid-GraphReg,200,0.6,200,1.0,2,overall,6004,0.23739044600701745,0.15733404995458886,0.7678214523650899,0.25020163568221326,0.24598323425926047,0.8685876082611592
Hybrid-GraphReg,200,0.6,200,1.0,2,q1,5935,0.22724742803654946,0.18159155645934386,0.7299073294018534,0.24829149910265225,0.28219416607401193,0.8387531592249368
Hybrid-GraphReg,200,0.6,200,1.0,2,q2,4474,0.034068405641371896,0.05101620126324038,0.15377738042020564,0.04867684734208674,0.0956195332428574,0.26195797943674565
Hybrid-GraphReg,200,0.6,200,1.0,2,q3,2899,0.024769229965810872,0.038120989503600725,0.08485684718868576,0.033732224531884084,0.06597729606689179,0.14039323904794757
Hybrid-GraphReg,200,0.6,200,1.0,2,q4,1585,0.021305433724664702,0.03850391721842826,0.06435331230283911,0.02755799134383981,0.059115691091243136,0.09968454258675079
Hybrid-GraphReg,200,0.6,200,1.0,2,q5,666,0.019558536807971864,0.030453072119738786,0.04804804804804805,0.023939561611067556,0.04649411316077983,0.07057057057057058
Hybrid-GraphReg,500,0.6,200,0.01,2,overall,6004,0.35890666005981287,0.22219436027017112,0.8790806129247168,0.3617589365581828,0.3290493749759572,0.9395403064623584
Hybrid-GraphReg,500,0.6,200,0.01,2,q1,5935,0.3787985701850852,0.2860467474200192,0.8823925863521482,0.3967321453204694,0.41932378274230697,0.9417017691659646
Hybrid-GraphReg,500,0.6,200,0.01,2,q2,4474,0.012980222982934216,0.024008642360592258,0.05498435404559678,0.022938015750407176,0.05385236087096061,0.13164953062136792
Hybrid-GraphReg,500,0.6,200,0.01,2,q3,2899,0.0020536676785393683,0.004802422291211529,0.0072438771990341495,0.004030002537129472,0.011341655208708756,0.018627112797516384
Hybrid-GraphReg,500,0.6,200,0.01,2,q4,1585,0.00019903146800361436,0.0006309148264984228,0.0006309148264984228,0.0004766250142120295,0.0015772870662460567,0.0018927444794952682
Hybrid-GraphReg,500,0.6,200,0.01,2,q5,666,0.0,0.0,0.0,0.0,0.0,0.0
Hybrid-GraphReg,500,0.6,200,0.05,2,overall,6004,0.35897564934804194,0.2218387995652132,0.878580946035976,0.36205276799028113,0.3295683489716294,0.9397068620919387
Hybrid-GraphReg,500,0.6,200,0.05,2,q1,5935,0.3779769265348219,0.2850421951610943,0.8812131423757371,0.39593843435047554,0.41854951559186787,0.9411962931760741
Hybrid-GraphReg,500,0.6,200,0.05,2,q2,4474,0.014045885925404115,0.024380382915663718,0.05856057219490389,0.024486490399522214,0.055705965889242225,0.13723737147966025
Hybrid-GraphReg,500,0.6,200,0.05,2,q3,2899,0.002768571722838892,0.0061165043227823495,0.009313556398758192,0.005305337161981381,0.01470187247027131,0.024146257330113833
Hybrid-GraphReg,500,0.6,200,0.05,2,q4,1585,0.0005553943414138269,0.0015772870662460567,0.0018927444794952682,0.00079010132127482,0.002523659305993691,0.002523659305993691
Hybrid-GraphReg,500,0.6,200,0.05,2,q5,666,0.0,0.0,0.0,0.00041883325172842323,0.0015015015015015015,0.0015015015015015015
Hybrid-GraphReg,500,0.6,200,0.1,2,overall,6004,0.35928783854546065,0.2223663325563301,0.8794137241838774,0.3625877378349252,0.3306798800615711,0.9408727514990006
Hybrid-GraphReg,500,0.6,200,0.1,2,q1,5935,0.377246618557112,0.28472931710002103,0.8815501263689974,0.39514060825279856,0.41791249334192776,0.9405223251895535
Hybrid-GraphReg,500,0.6,200,0.1,2,q2,4474,0.015705854350065943,0.026714825137438433,0.06548949485918641,0.02659318678540186,0.059593004024346294,0.1479660259275816
Hybrid-GraphReg,500,0.6,200,0.1,2,q3,2899,0.0032310645315199744,0.0068381865796795895,0.010693342531907554,0.006399391804857778,0.01736903012083842,0.028630562262849258
Hybrid-GraphReg,500,0.6,200,0.1,2,q4,1585,0.0006040276677206127,0.0015772870662460567,0.0018927444794952682,0.0015037533125242559,0.005047318611987382,0.005047318611987382
Hybrid-GraphReg,500,0.6,200,0.1,2,q5,666,0.0005348456262883216,0.0015015015015015015,0.0015015015015015015,0.000747861995456481,0.0022522522522522522,0.003003003003003003
Hybrid-GraphReg,500,0.6,200,0.3,2,overall,6004,0.35548354438771834,0.22082557982410853,0.8794137241838774,0.3597849348662263,0.33030012526897917,0.941705529646902
Hybrid-GraphReg,500,0.6,200,0.3,2,q1,5935,0.3686568129051676,0.27897250658014705,0.8773378264532434,0.38675734266808276,0.4116554359445163,0.9388374052232519
Hybrid-GraphReg,500,0.6,200,0.3,2,q2,4474,0.02056124797653993,0.03290759849801666,0.08851139919535092,0.033128892373890516,0.07052173333267792,0.18104604380867234
Hybrid-GraphReg,500,0.6,200,0.3,2,q3,2899,0.007075037000445691,0.011954272935363561,0.023111417730251813,0.011786665487787335,0.026719537909967665,0.05036219385995171
Hybrid-GraphReg,500,0.6,200,0.3,2,q4,1585,0.0034073787472260735,0.006434016824395373,0.008832807570977918,0.004719688247868732,0.010764984227129338,0.015141955835962145
Hybrid-GraphReg,500,0.6,200,0.3,2,q5,666,0.003741412039326164,0.008008008008008008,0.012012012012012012,0.004390405648699279,0.01026026026026026,0.013513513513513514
Hybrid-GraphReg,500,0.6,200,0.5,2,overall,6004,0.34683462675101906,0.21677462770672076,0.8777481678880746,0.3525362759495307,0.32535756233820284,0.9378747501665556
Hybrid-GraphReg,500,0.6,200,0.5,2,q1,5935,0.3558774585727585,0.270807987899633,0.8712721145745577,0.374499663996565,0.40019810747798995,0.9324347093513058
Hybrid-GraphReg,500,0.6,200,0.5,2,q2,4474,0.024042585126194775,0.03719702371504199,0.10661600357621814,0.037745710626695746,0.07817389130697387,0.20585605721949038
Hybrid-GraphReg,500,0.6,200,0.5,2,q3,2899,0.010285106510677919,0.017498475940658627,0.03725422559503277,0.016349198079739377,0.03685053727035364,0.07312866505691618
Hybrid-GraphReg,500,0.6,200,0.5,2,q4,1585,0.006332184260618055,0.011139589905362776,0.016403785488958992,0.008839636244911011,0.019766786840919332,0.02965299684542587
Hybrid-GraphReg,500,0.6,200,0.5,2,q5,666,0.008081987729747716,0.011761761761761762,0.015015015015015015,0.010337329295730563,0.02017017017017017,0.02702702702702703
Hybrid-GraphReg,500,0.6,200,1.0,2,overall,6004,0.3161420470406281,0.20076312183496894,0.8529313790806129,0.32419837255837536,0.30516959377446096,0.9250499666888741
Hybrid-GraphReg,500,0.6,200,1.0,2,q1,5935,0.31517217643885415,0.24268731343584649,0.8331929233361416,0.33479741709307903,0.36493946446914627,0.9123841617523167
Hybrid-GraphReg,500,0.6,200,1.0,2,q2,4474,0.032658739316355836,0.04904323072222291,0.1430487259722843,0.047458465434706575,0.09405986400043756,0.2510058113544926
Hybrid-GraphReg,500,0.6,200,1.0,2,q3,2899,0.018238375573783577,0.029666157018169458,0.06450500172473267,0.026088344168976454,0.054625860482554724,0.10900310451879959
Hybrid-GraphReg,500,0.6,200,1.0,2,q4,1585,0.011479379842394903,0.021093773471533725,0.03406940063091483,0.0158309362958863,0.03505959471653478,0.05741324921135647
Hybrid-GraphReg,500,0.6,200,1.0,2,q5,666,0.012779352007578315,0.019794794794794793,0.025525525525525526,0.014615255789650585,0.026134467801134466,0.03753753753753754
Hybrid-GraphReg,200,0.6,200,0.01,3,overall,6013,0.3425728242978319,0.21283357041458317,0.8677864626642275,0.3440992017520824,0.31371761379405877,0.9203392649259937
Hybrid-GraphReg,200,0.6,200,0.01,3,q1,5943,0.35960166970937046,0.27185623445056584,0.8694262157159683,0.3745687795252718,0.39436468970010485,0.9212518929833418
Hybrid-GraphReg,200,0.6,200,0.01,3,q2,4400,0.018590473563924043,0.031672599003592566,0.0834090909090909,0.03078602420870689,0.0676758102010733,0.1715909090909091
Hybrid-GraphReg,200,0.6,200,0.01,3,q3,2896,0.002559404855953556,0.005395784004209419,0.010013812154696133,0.0049362618357846055,0.013324247226960646,0.0231353591160221
Hybrid-GraphReg,200,0.6,200,0.01,3,q4,1678,0.0007377554344475229,0.0013408820023837903,0.0023837902264600714,0.0008006252701061108,0.0014898688915375446,0.0023837902264600714
Hybrid-GraphReg,200,0.6,200,0.01,3,q5,698,0.0,0.0,0.0,0.00033726205353386567,0.0014326647564469914,0.0014326647564469914
Hybrid-GraphReg,200,0.6,200,0.05,3,overall,6013,0.34204795806530747,0.21256533228260996,0.8682853816730417,0.34405592307272437,0.3136831626179574,0.9208381839348079
Hybrid-GraphReg,200,0.6,200,0.05,3,q1,5943,0.3580195397624885,0.2709867575306208,0.8687531549722363,0.3730684314002424,0.3928888773047879,0.9205788322396097
Hybrid-GraphReg,200,0.6,200,0.05,3,q2,4400,0.020209256198355664,0.03279550490733571,0.08727272727272728,0.03332176163526875,0.0717765935757457,0.18295454545454545
Hybrid-GraphReg,200,0.6,200,0.05,3,q3,2896,0.003197121081115717,0.006518021573270191,0.011740331491712707,0.006079206832010806,0.01596041553992454,0.029005524861878452
Hybrid-GraphReg,200,0.6,200,0.05,3,q4,1678,0.0007943011274729726,0.0013408820023837903,0.0023837902264600714,0.0012401124540033347,0.002766899369998297,0.004767580452920143
Hybrid-GraphReg,200,0.6,200,0.05,3,q5,698,0.000866088399861915,0.0028653295128939827,0.0028653295128939827,0.0012242545889736627,0.004297994269340974,0.004297994269340974
Hybrid-GraphReg,200,0.6,200,0.1,3,overall,6013,0.3401462725011423,0.21138901747282107,0.8656244802926991,0.3428984205820959,0.31339813559565105,0.9211707966073508
Hybrid-GraphReg,200,0.6,200,0.1,3,q1,5943,0.35426617298556234,0.2679663948085175,0.8653878512535756,0.36979806196726306,0.3900684258867873,0.9197375063099444
Hybrid-GraphReg,200,0.6,200,0.1,3,q2,4400,0.02217762054683244,0.03540754710637042,0.09704545454545455,0.035756698298942714,0.07582564698715355,0.19477272727272726
Hybrid-GraphReg,200,0.6,200,0.1,3,q3,2896,0.004338765339830421,0.008085118150725887,0.015538674033149171,0.008152393956540174,0.02093311510861858,0.038328729281767955
Hybrid-GraphReg,200,0.6,200,0.1,3,q4,1678,0.0010707890125534023,0.001658720699245133,0.004171632896305125,0.0023300737806302846,0.006060219081673193,0.009535160905840286
Hybrid-GraphReg,200,0.6,200,0.1,3,q5,698,0.002706286990833351,0.0060888252148997134,0.0071633237822349575,0.003056789200171784,0.007521489971346705,0.008595988538681949
Hybrid-GraphReg,200,0.6,200,0.3,3,overall,6013,0.3247829270270173,0.20268267889701316,0.8578080824879428,0.32932853257622574,0.3044453954748632,0.916015300182937
Hybrid-GraphReg,200,0.6,200,0.3,3,q1,5943,0.3320457032302976,0.25194880219564914,0.850412249705536,0.3481341463977687,0.37097278707209347,0.911324247013293
Hybrid-GraphReg,200,0.6,200,0.3,3,q2,4400,0.02794988564479727,0.041869348528136396,0.12022727272727272,0.043493149705408185,0.0887856270732918,0.22772727272727272
Hybrid-GraphReg,200,0.6,200,0.3,3,q3,2896,0.008576613113416993,0.014669379802776139,0.03280386740331492,0.01408207788938419,0.032068091576039966,0.06871546961325967
Hybrid-GraphReg,200,0.6,200,0.3,3,q4,1678,0.006211155581661029,0.010397141594996183,0.02026221692491061,0.008478999296949931,0.018652434176868026,0.030393325387365912
Hybrid-GraphReg,200,0.6,200,0.3,3,q5,698,0.007767035103123239,0.012535816618911174,0.02005730659025788,0.008499403894666089,0.014955428207577203,0.025787965616045846
Hybrid-GraphReg,200,0.6,200,0.5,3,overall,6013,0.2998967888222959,0.19052490943997005,0.8355230334275736,0.30699002011847465,0.2879382481636379,0.9060369200066523
Hybrid-GraphReg,200,0.6,200,0.5,3,q1,5943,0.30078173089955434,0.231935007725801,0.8199562510516574,0.31865975572971317,0.34532609485434385,0.894834258791856
Hybrid-GraphReg,200,0.6,200,0.5,3,q2,4400,0.031932104609690815,0.04892706815347632,0.14022727272727273,0.04716275177588589,0.09457684580559124,0.24727272727272728
Hybrid-GraphReg,200,0.6,200,0.5,3,q3,2896,0.01314823283358552,0.021098845576709435,0.05006906077348066,0.019871546572806778,0.04278976371818421,0.09426795580110497
Hybrid-GraphReg,200,0.6,200,0.5,3,q4,1678,0.010795497977333464,0.01693411872196139,0.03218116805721097,0.014039851360121565,0.028278455751638114,0.048271752085816445
Hybrid-GraphReg,200,0.6,200,0.5,3,q5,698,0.014267733844387424,0.021895893027698184,0.03151862464183381,0.01620067677881796,0.028770409787601765,0.04297994269340974
Hybrid-GraphReg,200,0.6,200,1.0,3,overall,6013,0.2349275905128092,0.15471834915411448,0.758190587061367,0.2473215708575111,0.2410905076254083,0.8617994345584566
Hybrid-GraphReg,200,0.6,200,1.0,3,q1,5943,0.22636440506114813,0.18032767255168064,0.7228672387682988,0.2471628249389481,0.27881182239861324,0.8361097089012284
Hybrid-GraphReg,200,0.6,200,1.0,3,q2,4400,0.03541369238788526,0.05343599106267038,0.15568181818181817,0.05085414548440108,0.10027271118785479,0.26545454545454544
Hybrid-GraphReg,200,0.6,200,1.0,3,q3,2896,0.020366615203550258,0.033177655681447794,0.07838397790055249,0.027905479235356846,0.05756726626440117,0.12845303867403315
Hybrid-GraphReg,200,0.6,200,1.0,3,q4,1678,0.017064985208647968,0.02887671856682584,0.05184743742550656,0.02205982244150927,0.04641769136703583,0.08104886769964244
Hybrid-GraphReg,200,0.6,200,1.0,3,q5,698,0.020306025939044455,0.031168417701368988,0.044412607449856735,0.025445045807160328,0.0494928821576386,0.07449856733524356
Hybrid-GraphReg,500,0.6,200,0.01,3,overall,6013,0.3569940527401134,0.2188508207634335,0.8726093464160984,0.35813357732789963,0.32355386304859757,0.9248295360053218
Hybrid-GraphReg,500,0.6,200,0.01,3,q1,5943,0.37733462985645494,0.2821797952982226,0.8766616187110887,0.3934279967033683,0.4120405039755808,0.9273094396769308
Hybrid-GraphReg,500,0.6,200,0.01,3,q2,4400,0.01369352849244875,0.024255705991935543,0.06227272727272727,0.023844714908896066,0.054972299183673815,0.1325
Hybrid-GraphReg,500,0.6,200,0.01,3,q3,2896,0.0013220058238299576,0.002984411996842936,0.0051795580110497235,0.0030800670056397397,0.008851739992022474,0.015193370165745856
Hybrid-GraphReg,500,0.6,200,0.01,3,q4,1678,0.0005914682320976435,0.0010429082240762813,0.0017878426698450535,0.0006452974564244552,0.0011918951132300357,0.0017878426698450535
Hybrid-GraphReg,500,0.6,200,0.01,3,q5,698,0.0,0.0,0.0,0.0,0.0,0.0
Hybrid-GraphReg,500,0.6,200,0.05,3,overall,6013,0.3572814911105151,0.21911943661422414,0.873607184433727,0.35842681169487733,0.3241588539875653,0.9246632296690503
Hybrid-GraphReg,500,0.6,200,0.05,3,q1,5943,0.3768982107696547,0.28209157922365735,0.8764933535251557,0.3926846640507109,0.4113425112395962,0.9271411744909979
Hybrid-GraphReg,500,0.6,200,0.05,3,q2,4400,0.014902472143837319,0.02572916008324733,0.06704545454545455,0.025440688544906078,0.05734878969840423,0.1409090909090909
Hybrid-GraphReg,500,0.6,200,0.05,3,q3,2896,0.001979758274218687,0.004221750855038148,0.007596685082872928,0.004212386935567424,0.011637188778072755,0.02037292817679558
Hybrid-GraphReg,500,0.6,200,0.05,3,q4,1678,0.0006336814608681792,0.0010429082240762813,0.0017878426698450535,0.0007878160482264828,0.0014898688915375446,0.0023837902264600714
Hybrid-GraphReg,500,0.6,200,0.05,3,q5,698,0.0,0.0,0.0,0.0003667020412748073,0.0014326647564469914,0.0014326647564469914
Hybrid-GraphReg,500,0.6,200,0.1,3,overall,6013,0.3571463937575268,0.21922722886609083,0.873607184433727,0.35865519820563163,0.32453848326912765,0.9263262930317645
Hybrid-GraphReg,500,0.6,200,0.1,3,q1,5943,0.37594526738396666,0.28156559228671013,0.8761568231532896,0.3917932122289817,0.41043497620989744,0.928150765606596
Hybrid-GraphReg,500,0.6,200,0.1,3,q2,4400,0.016305062661669454,0.027278798600868293,0.07090909090909091,0.02758275394161124,0.06121641214158437,0.15045454545454545
Hybrid-GraphReg,500,0.6,200,0.1,3,q3,2896,0.002233632863167627,0.004394402788739806,0.007941988950276244,0.004844816962025335,0.012816603286216546,0.02244475138121547
Hybrid-GraphReg,500,0.6,200,0.1,3,q4,1678,0.0007831031084317734,0.0013408820023837903,0.0023837902264600714,0.0009256216699350473,0.001674328849537431,0.003575685339690107
Hybrid-GraphReg,500,0.6,200,0.1,3,q5,698,0.00045195541086780623,0.0014326647564469914,0.0014326647564469914,0.0011362967413792002,0.004297994269340974,0.004297994269340974
Hybrid-GraphReg,500,0.6,200,0.3,3,overall,6013,0.35304868469510337,0.2172620198359178,0.8726093464160984,0.35535538587768656,0.32316283538831253,0.9254947613504074
Hybrid-GraphReg,500,0.6,200,0.3,3,q1,5943,0.36757587080028853,0.2750247567861141,0.8726232542486959,0.38332845152896355,0.40266808290072414,0.9247854618879354
Hybrid-GraphReg,500,0.6,200,0.3,3,q2,4400,0.021286050991027275,0.03397988953826527,0.0915909090909091,0.03424302446079632,0.07246686780228194,0.18386363636363637
Hybrid-GraphReg,500,0.6,200,0.3,3,q3,2896,0.0050797175648467216,0.008891873550022722,0.01691988950276243,0.009513158019591081,0.02356072874324734,0.04419889502762431
Hybrid-GraphReg,500,0.6,200,0.3,3,q4,1678,0.0020813766490180275,0.004723593847550939,0.00834326579261025,0.003276440012514673,0.008777456155286906,0.013110846245530394
Hybrid-GraphReg,500,0.6,200,0.3,3,q5,698,0.004386357214168743,0.007521489971346705,0.008595988538681949,0.004971528376037526,0.00975007959248647,0.012893982808022923
Hybrid-GraphReg,500,0.6,200,0.5,3,overall,6013,0.3450191678633852,0.21302874031883928,0.866788624646599,0.34865143340077914,0.319210505445858,0.9239980043239647
Hybrid-GraphReg,500,0.6,200,0.5,3,q1,5943,0.35505351258719237,0.26660911164026324,0.8628638734645802,0.3716592892394342,0.39335684391998355,0.9210836277974087
Hybrid-GraphReg,500,0.6,200,0.5,3,q2,4400,0.026259563432086405,0.03987886286249808,0.1125,0.04002828818021715,0.08087880791032913,0.20863636363636365
Hybrid-GraphReg,500,0.6,200,0.5,3,q3,2896,0.00801777102466972,0.013156022073948797,0.028314917127071824,0.013073472702907249,0.02942717373944305,0.05870165745856354
Hybrid-GraphReg,500,0.6,200,0.5,3,q4,1678,0.004563526760685641,0.008523468982348601,0.014898688915375448,0.006392071316932448,0.014560002968822993,0.023241954707985697
Hybrid-GraphReg,500,0.6,200,0.5,3,q5,698,0.006716928079781992,0.010864374403056352,0.017191977077363897,0.007316828864768045,0.012893982808022923,0.022922636103151862
Hybrid-GraphReg,500,0.6,200,1.0,3,overall,6013,0.31395695493845255,0.19708471520281665,0.8464992516214868,0.321088903179989,0.2999219909291831,0.9125228671212373
Hybrid-GraphReg,500,0.6,200,1.0,3,q1,5943,0.3142460877984173,0.2396191344940357,0.8308934881373043,0.3325669738103841,0.3590984957849288,0.9022379269729093
Hybrid-GraphReg,500,0.6,200,1.0,3,q2,4400,0.0343474679689282,0.050844488323119774,0.1456818181818182,0.050325818076775025,0.09919281243417441,0.255
Hybrid-GraphReg,500,0.6,200,1.0,3,q3,2896,0.014307579026134411,0.023248106342370737,0.050759668508287295,0.021236355924308906,0.044851217328173335,0.09806629834254144
Hybrid-GraphReg,500,0.6,200,1.0,3,q4,1678,0.010566310999330794,0.016963916099792142,0.029797377830750895,0.013666684825675457,0.02743419671310017,0.04767580452920143
Hybrid-GraphReg,500,0.6,200,1.0,3,q5,698,0.011683676654769973,0.017597898758357208,0.027220630372492838,0.015209192110167432,0.03136285077545822,0.044412607449856735
Hybrid-GraphReg,200,0.6,200,0.01,4,overall,6006,0.3446967426772444,0.21642994586019612,0.8684648684648685,0.34834491110473703,0.31786090251472005,0.9274059274059274
Hybrid-GraphReg,200,0.6,200,0.01,4,q1,5939,0.36152645777705156,0.27365642293739306,0.8690015154066341,0.37847094007138327,0.3975026076542943,0.9264185889880451
Hybrid-GraphReg,200,0.6,200,0.01,4,q2,4417,0.01712302503355111,0.03129809420654712,0.07946570070183383,0.030124232097995533,0.0694951561172508,0.18202399818881593
Hybrid-GraphReg,200,0.6,200,0.01,4,q3,2931,0.00385801374113983,0.008675206691342523,0.013647219379051518,0.00597462345469911,0.01527380950208935,0.0283179802115319
Hybrid-GraphReg,200,0.6,200,0.01,4,q4,1676,0.0011987167737076625,0.0021877486077963404,0.002386634844868735,0.0014029230491422857,0.0029832935560859188,0.003579952267303103
Hybrid-GraphReg,200,0.6,200,0.01,4,q5,710,0.0,0.0,0.0,0.0,0.0,0.0
Hybrid-GraphReg,200,0.6,200,0.05,4,overall,6006,0.34496595852780065,0.21660338259556774,0.8682983682983683,0.34812812183171704,0.31739201259550126,0.9275724275724275
Hybrid-GraphReg,200,0.6,200,0.05,4,q1,5939,0.3605729023429346,0.27279210142316934,0.8686647583768311,0.3767893271315148,0.3954590972335384,0.9257450749284392
Hybrid-GraphReg,200,0.6,200,0.05,4,q2,4417,0.019227424662637032,0.03417998787430668,0.08829522300203758,0.032585693010989146,0.07307361330017238,0.19198551052750737
Hybrid-GraphReg,200,0.6,200,0.05,4,q3,2931,0.004525055517406709,0.00936885672044321,0.015353121801432957,0.007125679677123065,0.017649119705986465,0.03309450699419993
Hybrid-GraphReg,200,0.6,200,0.05,4,q4,1676,0.0012357093821565772,0.0017899761336515514,0.002386634844868735,0.0019867990854276476,0.004524661893396976,0.0059665871121718375
Hybrid-GraphReg,200,0.6,200,0.05,4,q5,710,0.0005017002635324256,0.0014084507042253522,0.0014084507042253522,0.0005017002635324256,0.0014084507042253522,0.0014084507042253522
Hybrid-GraphReg,200,0.6,200,0.1,4,overall,6006,0.3444022624570498,0.21642808482649656,0.8696303696303697,0.3465893669852932,0.31562942146112516,0.9270729270729271
Hybrid-GraphReg,200,0.6,200,0.1,4,q1,5939,0.3583296076677582,0.27141158885850597,0.8686647583768311,0.37341601680563274,0.39154029257607037,0.9245664253241287
Hybrid-GraphReg,200,0.6,200,0.1,4,q2,4417,0.021478427106834053,0.037393044971592675,0.10006791940230926,0.03486320602588119,0.07677105723790113,0.20194702286619878
Hybrid-GraphReg,200,0.6,200,0.1,4,q3,2931,0.005309865707067153,0.010294301182524435,0.018764926646195838,0.00859988571354901,0.020598360152969095,0.04128283862163084
Hybrid-GraphReg,200,0.6,200,0.1,4,q4,1676,0.0018613224829197477,0.003778838504375497,0.00477326968973747,0.0031984424523119463,0.008687066712126379,0.011336515513126491
Hybrid-GraphReg,200,0.6,200,0.1,4,q5,710,0.0006065867015118212,0.0014084507042253522,0.0014084507042253522,0.0009586993775681593,0.0028169014084507044,0.0028169014084507044
Hybrid-GraphReg,200,0.6,200,0.3,4,overall,6006,0.32840640419382294,0.2076127722025903,0.8566433566433567,0.3325055539161163,0.3064757774875852,0.9195804195804196
Hybrid-GraphReg,200,0.6,200,0.3,4,q1,5939,0.3354503651731898,0.25484175802228953,0.8477858225290453,0.3517973049310384,0.3727458856932157,0.9124431722512207
Hybrid-GraphReg,200,0.6,200,0.3,4,q2,4417,0.027326537060929062,0.046353319398402856,0.13063165044147612,0.04117279517323503,0.08813659920342325,0.2329635499207607
Hybrid-GraphReg,200,0.6,200,0.3,4,q3,2931,0.009872501975546991,0.017246904749887437,0.037188672807915386,0.014848908531433065,0.032786509973549496,0.0709655407710679
Hybrid-GraphReg,200,0.6,200,0.3,4,q4,1676,0.006444230784833724,0.012262757131492214,0.01909307875894988,0.009074047978003739,0.02133552108194113,0.03400954653937947
Hybrid-GraphReg,200,0.6,200,0.3,4,q5,710,0.006356665011440088,0.008039906103286386,0.015492957746478873,0.006566409014620451,0.008626760563380282,0.016901408450704224
Hybrid-GraphReg,200,0.6,200,0.5,4,overall,6006,0.30403338777422434,0.19385100090561133,0.8348318348318349,0.31063034307445475,0.29033985603657453,0.9054279054279054
Hybrid-GraphReg,200,0.6,200,0.5,4,q1,5939,0.3055052080585943,0.23376819701282972,0.8188247179659875,0.3229677171937169,0.34685327043409037,0.8932480215524499
Hybrid-GraphReg,200,0.6,200,0.5,4,q2,4417,0.030387279960219848,0.04841241576067364,0.14444192891102559,0.04523140996793222,0.09358560171286265,0.24994340049807562
Hybrid-GraphReg,200,0.6,200,0.5,4,q3,2931,0.012700569416599763,0.02079141480028285,0.04912998976458546,0.01952284906018178,0.04222636669131277,0.0931422722620266
Hybrid-GraphReg,200,0.6,200,0.5,4,q4,1676,0.010943181840754294,0.01861717240595522,0.029832935560859187,0.015164367461153268,0.03305059432744397,0.05369928400954654
Hybrid-GraphReg,200,0.6,200,0.5,4,q5,710,0.009329436605922187,0.013497652582159623,0.02535211267605634,0.01095029174331598,0.01919014084507042,0.035211267605633804
Hybrid-GraphReg,200,0.6,200,1.0,4,overall,6006,0.23545660651257586,0.1562791253826423,0.7564102564102564,0.24830664552395215,0.24415645753071238,0.8566433566433567
Hybrid-GraphReg,200,0.6,200,1.0,4,q1,5939,0.22768842814397508,0.18140873100843444,0.7216703148678228,0.24874288684544546,0.2809418366872709,0.831116349553797
Hybrid-GraphReg,200,0.6,200,1.0,4,q2,4417,0.03495919826298114,0.05347802858283704,0.15893140140366765,0.04952445612429725,0.0984573413527377,0.26647045505999545
Hybrid-GraphReg,200,0.6,200,1.0,4,q3,2931,0.019188143107284436,0.03273590326427881,0.07813033094506994,0.02775542631907547,0.060182239898302216,0.1306721255544183
Hybrid-GraphReg,200,0.6,200,1.0,4,q4,1676,0.0177518345125034,0.031991561541084214,0.05190930787589499,0.024657259447121094,0.055828477740768906,0.08890214797136038
Hybrid-GraphReg,200,0.6,200,1.0,4,q5,710,0.013785901823557883,0.021948356807511737,0.038028169014084505,0.017421320620031062,0.03474711907810499,0.057746478873239436
Hybrid-GraphReg,500,0.6,200,0.01,4,overall,6006,0.3602095002423975,0.22267555159387778,0.8744588744588745,0.3624278463795035,0.32701149488079295,0.9299034299034299
Hybrid-GraphReg,500,0.6,200,0.01,4,q1,5939,0.3800918983519555,0.28404822476820435,0.8764101700623,0.39735276106947054,0.4144321318718484,0.9309648088903856
Hybrid-GraphReg,500,0.6,200,0.01,4,q2,4417,0.01345997708806243,0.025947932758864416,0.057278695947475665,0.02353079704361275,0.05550192641700826,0.13764998868009962
Hybrid-GraphReg,500,0.6,200,0.01,4,q3,2931,0.002158565459865753,0.004821491885734164,0.007505970658478335,0.003907156691905228,0.010446649737094678,0.018082565677243263
Hybrid-GraphReg,500,0.6,200,0.01,4,q4,1676,0.0007218281139929227,0.001392203659506762,0.0017899761336515514,0.0010860556141952867,0.002784407319013524,0.0029832935560859188
Hybrid-GraphReg,500,0.6,200,0.01,4,q5,710,0.0,0.0,0.0,0.0,0.0,0.0
Hybrid-GraphReg,500,0.6,200,0.05,4,overall,6006,0.3607598478174297,0.22355465698648483,0.8747918747918748,0.36304118292831467,0.32768267476433216,0.9300699300699301
Hybrid-GraphReg,500,0.6,200,0.05,4,q1,5939,0.3800356702610479,0.284522920985794,0.8765785485772015,0.3971226454008539,0.4144499641652867,0.9307964303754841
Hybrid-GraphReg,500,0.6,200,0.05,4,q2,4417,0.014433090661034167,0.027305335072798316,0.06225945211682137,0.02522664864423473,0.05900930523698201,0.1467059089880009
Hybrid-GraphReg,500,0.6,200,0.05,4,q3,2931,0.0029086704368302334,0.0065761343773265025,0.009553053565336063,0.004727469652244394,0.012095255427936507,0.021494370522006142
Hybrid-GraphReg,500,0.6,200,0.05,4,q4,1676,0.0010091408142750952,0.0015910898965791566,0.0017899761336515514,0.0015740020526822313,0.003977724741447891,0.004176610978520286
Hybrid-GraphReg,500,0.6,200,0.05,4,q5,710,0.0,0.0,0.0,0.00038061711891171796,0.0014084507042253522,0.0014084507042253522
Hybrid-GraphReg,500,0.6,200,0.1,4,overall,6006,0.36073881989901624,0.22361185059265956,0.8746253746253746,0.36281829565970275,0.32750604007454925,0.9307359307359307
Hybrid-GraphReg,500,0.6,200,0.1,4,q1,5939,0.37896333188021225,0.28386265981180747,0.8755682774877925,0.39570510622643074,0.4129528633445227,0.9309648088903856
Hybrid-GraphReg,500,0.6,200,0.1,4,q2,4417,0.015842156934151953,0.029276578591037637,0.06973058637083994,0.02692203364045492,0.061823215673570416,0.15485623726511208
Hybrid-GraphReg,500,0.6,200,0.1,4,q3,2931,0.0037595037801558357,0.008015184920778273,0.012623677925622655,0.005705531461451107,0.014025203249419036,0.025929716820197884
Hybrid-GraphReg,500,0.6,200,0.1,4,q4,1676,0.0011611761121841245,0.0015910898965791566,0.0017899761336515514,0.0020420146042667616,0.004922434367541766,0.0059665871121718375
Hybrid-GraphReg,500,0.6,200,0.1,4,q5,710,0.0005017002635324256,0.0014084507042253522,0.0014084507042253522,0.0005017002635324256,0.0014084507042253522,0.0014084507042253522
Hybrid-GraphReg,500,0.6,200,0.3,4,overall,6006,0.3569719260863893,0.22256605062889245,0.8726273726273727,0.3597651528163713,0.3266251850650215,0.9309024309024309
Hybrid-GraphReg,500,0.6,200,0.3,4,q1,5939,0.3714629897606643,0.27945623379296397,0.8710220575854521,0.387983415961202,0.4062359733554411,0.9279339956221586
Hybrid-GraphReg,500,0.6,200,0.3,4,q2,4417,0.02092493827988355,0.036835861233776204,0.09418157120217342,0.033368532635107195,0.07340094250838394,0.1872311523658592
Hybrid-GraphReg,500,0.6,200,0.3,4,q3,2931,0.005856873010154069,0.01122868132396099,0.02012964858410099,0.009124328706704847,0.021394584049244176,0.04367110201296486
Hybrid-GraphReg,500,0.6,200,0.3,4,q4,1676,0.0028863912581964615,0.005644107284918741,0.008353221957040573,0.004816514249110749,0.012828872599158995,0.017303102625298328
Hybrid-GraphReg,500,0.6,200,0.3,4,q5,710,0.0013471613066249272,0.0031690140845070424,0.004225352112676056,0.001701222162544066,0.004049295774647887,0.008450704225352112
Hybrid-GraphReg,500,0.6,200,0.5,4,overall,6006,0.3498135651239116,0.2185893795152607,0.8687978687978688,0.3530722793057005,0.32228674676683716,0.9280719280719281
Hybrid-GraphReg,500,0.6,200,0.5,4,q1,5939,0.3600130549895996,0.27104039936024166,0.8631082673850816,0.3765076033649291,0.39609146201240714,0.9225458831453106
Hybrid-GraphReg,500,0.6,200,0.5,4,q2,4417,0.02546599445675329,0.043036449526726805,0.11614217794883405,0.03875120892055308,0.08247817685807161,0.21371971926647046
Hybrid-GraphReg,500,0.6,200,0.5,4,q3,2931,0.008437635026597771,0.015780166294571133,0.03207096554077107,0.012666896278140724,0.028438087186503494,0.06107130672125555
Hybrid-GraphReg,500,0.6,200,0.5,4,q4,1676,0.0053448769877186,0.011218604386862143,0.016109785202863963,0.007043991640946573,0.016871235367655415,0.0256563245823389
Hybrid-GraphReg,500,0.6,200,0.5,4,q5,710,0.004789599514845312,0.007570422535211268,0.014084507042253521,0.005017737612442114,0.008157276995305163,0.015492957746478873
Hybrid-GraphReg,500,0.6,200,1.0,4,overall,6006,0.31782440153750124,0.20142843348053502,0.8438228438228438,0.3239126723020653,0.30179071928968454,0.9117549117549117
Hybrid-GraphReg,500,0.6,200,1.0,4,q1,5939,0.31874146600738157,0.24301895882675134,0.828422293315373,0.33594840322556635,0.36015061450684666,0.9001515406634113
Hybrid-GraphReg,500,0.6,200,1.0,4,q2,4417,0.03285372133485804,0.05184759835581601,0.14829069504188364,0.04894036755917559,0.1009225573217074,0.25877292279827935
Hybrid-GraphReg,500,0.6,200,1.0,4,q3,2931,0.013704819602926134,0.02285281311145538,0.052541794609348345,0.020484915355459134,0.04437413280641545,0.09587171613783692
Hybrid-GraphReg,500,0.6,200,1.0,4,q4,1676,0.010874537930935893,0.018214427775883623,0.028042959427207637,0.015762493755760842,0.03536809252799706,0.05548926014319809
Hybrid-GraphReg,500,0.6,200,1.0,4,q5,710,0.008102515666338099,0.01044600938967136,0.01971830985915493,0.010382705948310792,0.018485915492957746,0.03380281690140845
